title,year,verdict,reason,confidence,majors,budget_usd_today,budget_wikipedia_today,budget_tmdb_today,budget_straddles,budget_raw,budget_source,countries,non_us,companies,company_source,distributor_majors,distributors,wikipedia,wikidata,tmdb,notes
Of Gods and Men,2010,A,"no major studio; budget $5.2M in today's money, tmdb (< $35M)",high,,5200000,,5200000.0,False,tmdb: $4000000,tmdb,France,True,Why Not Productions; Armada Films; France 3 Cinéma,wikipedia:studio,,Mars Distribution,https://en.wikipedia.org/wiki/Of_Gods_and_Men_(film),https://www.wikidata.org/wiki/Q1130313,https://www.themoviedb.org/movie/46332,no budget text
Blow-Up,1966,H,major studio: Metro-Goldwyn-Mayer (Amazon MGM),high,Amazon MGM,13500000,13500000.0,13500000.0,False,"wikipedia: $1.8&nbsp;million<ref name=""time"">[[Richard Corliss|Corliss, | tmdb: $1800000",wikipedia+tmdb,United Kingdom; Italy,True,Metro-Goldwyn-Mayer; Carlo Ponti Productions; Bridge Films,wikipedia:studio,,Metro-Goldwyn-Mayer; Premier Productions (United States); Metro-Goldwyn-Mayer (worldwide),https://en.wikipedia.org/wiki/Blowup,https://www.wikidata.org/wiki/Q658204,https://www.themoviedb.org/movie/1052,
Grand Illusion,1937,A,no major studio; no budget figure found (rule: treat as A),low,,,,,False,,,France,True,Réalisation d art cinématographique; Réalisation d Art Cinématographique,wikipedia:studio,,Réalisation d Art Cinématographique,https://en.wikipedia.org/wiki/La_Grande_Illusion,https://www.wikidata.org/wiki/Q470336,https://www.themoviedb.org/movie/777,no budget text
The Music Room,1958,A,no major studio; no budget figure found (rule: treat as A),low,,,,,False,,,India,True,Aurora Film Corporation,wikipedia:studio,,Contemporary Films (UK); Edward Harrison (US),https://en.wikipedia.org/wiki/Jalsaghar,https://www.wikidata.org/wiki/Q640208,https://www.themoviedb.org/movie/822,no budget text
Nights of Cabiria,1957,A,no major studio; no budget figure found (rule: treat as A),low,,,,,False,,,France; Italy,True,DDL Cinematografica; Les Films Marceau,tmdb,,Paramount Pictures (Italy); Les Films Marceau (France),https://en.wikipedia.org/wiki/Nights_of_Cabiria,https://www.wikidata.org/wiki/Q18405,https://www.themoviedb.org/movie/19426,no budget text
Wild Strawberries,1957,A,no major studio; no budget figure found (rule: treat as A),low,,,,,False,,,Sweden,True,SF Studios,wikidata:P272,,AB Svensk Filmindustri,https://en.wikipedia.org/wiki/Wild_Strawberries_(film),https://www.wikidata.org/wiki/Q239756,https://www.themoviedb.org/movie/614,no budget text
Babette's Feast,1987,A,no major studio; no budget figure found (rule: treat as A),low,,,,,False,,,Denmark; France,True,Nordisk Film,wikipedia:studio,,Netflix,https://en.wikipedia.org/wiki/Babette's_Feast,https://www.wikidata.org/wiki/Q797679,https://www.themoviedb.org/movie/11832,no budget text
Big Night,1996,A,"no major studio; budget $8.2M in today's money, avg of 2 sources (< $35M)",high,,8200000,8199999.999999999,8200000.0,False,wikipedia: $4.1 million<ref>{{cite news|url=https://www.theguardian.com | tmdb: $4100000,wikipedia+tmdb,United States,False,Rysher Entertainment; Timpano Production,wikipedia:studio,,The Samuel Goldwyn Company,https://en.wikipedia.org/wiki/Big_Night,https://www.wikidata.org/wiki/Q859143,https://www.themoviedb.org/movie/18203,no budget text
Hardware,1990,A,"no major studio; budget $3.0M in today's money, avg of 2 sources (< $35M)",high,,3000000,3000000.0,3000000.0,False,"wikipedia: £960,000<ref>HARDWARE Blu-ray Disc (Director's commentary)</ | tmdb: $1500000",wikipedia+tmdb,United Kingdom; United States,False,British Satellite Broadcasting; British Screen; Stephen Woolley#Palace Video and Palace Pictures; Palace Productions; Wicked Films,wikipedia:studio,,Palace Pictures (United Kingdom); Miramax; Millimeter (United States),https://en.wikipedia.org/wiki/Hardware_(film),https://www.wikidata.org/wiki/Q1230682,https://www.themoviedb.org/movie/11309,no budget text
A Visitor to a Museum,1989,A,no major studio; no budget figure found (rule: treat as A),low,,,,,False,,,Germany; Soviet Union; Switzerland,True,"Lenfilm; Kinostudiya ""Lenfilm""; State Committee for Cinematography; Goskino SSSR; CSM Filmproduktion AG; ZDF",wikipedia:studio,,,https://en.wikipedia.org/wiki/A_Visitor_to_a_Museum,https://www.wikidata.org/wiki/Q4373649,https://www.themoviedb.org/movie/73922,no budget text
Triangle,2009,A,"no major studio; budget $19.2M in today's money, avg of 2 sources (< $35M)",high,,19200000,19200000.0,19200000.0,False,wikipedia: $12 million<ref name=numbers>{{cite web|url=https://www.the- | tmdb: $12000000,wikipedia+tmdb,United Kingdom; Australia,True,UK Film Council; Dan Films (UK),wikipedia:studio,,Icon Productions; Icon Film Distribution,https://en.wikipedia.org/wiki/Triangle_(2009_British_film),https://www.wikidata.org/wiki/Q1783930,https://www.themoviedb.org/movie/26466,no budget text
The Big Heat,1953,H,major studio: Columbia Pictures (Sony),high,Sony,,,,False,,,United States,False,Columbia Pictures,wikipedia:studio,,Columbia Pictures,https://en.wikipedia.org/wiki/The_Big_Heat,https://www.wikidata.org/wiki/Q1093085,https://www.themoviedb.org/movie/14580,
The Devils,1971,A,"no major studio; budget $11.0M in today's money, tmdb (< $35M)",high,,11000000,,11000000.0,False,tmdb: $2000000,tmdb,United Kingdom,True,Russo Productions,wikipedia:studio,,Warner Bros. Pictures; Warner Bros,https://en.wikipedia.org/wiki/The_Devils_(film),https://www.wikidata.org/wiki/Q655996,https://www.themoviedb.org/movie/31767,no budget text
Army of Shadows,1969,A,no major studio; no budget figure found (rule: treat as A),low,,,,,False,,,France; Italy,True,Les Films Corona; Fono Roma,wikipedia:studio,,Valoria Films (France); Fida Cinematografica (Italy),https://en.wikipedia.org/wiki/Army_of_Shadows,https://www.wikidata.org/wiki/Q681225,https://www.themoviedb.org/movie/15383,no budget text
The Death of Mr. Lazarescu,2005,A,"no major studio; budget $0.6M in today's money, avg of 2 sources (< $35M)",high,,614400,604800.0,624000.0,False,"wikipedia: €350,000 | tmdb: $390000",wikipedia+tmdb,Romania,True,Mandragora Movies,wikidata:P272,,Palisades Tartan; Tartan USA,https://en.wikipedia.org/wiki/The_Death_of_Mr._Lazarescu,https://www.wikidata.org/wiki/Q1197442,https://www.themoviedb.org/movie/31032,no budget text
Bait,2019,A,no major studio; no budget figure found (rule: treat as A),low,,,,,False,,,United Kingdom,True,Early Day Films,wikipedia:studio,,British Film Institute; BFI Films,https://en.wikipedia.org/wiki/Bait_(2019_film),https://www.wikidata.org/wiki/Q61889586,https://www.themoviedb.org/movie/576069,no budget text
The Wages of Fear,1953,A,no major studio; no budget figure found (rule: treat as A),low,,,,,False,,,France; Italy,True,Vera Film; Filmsonor; C.I.C.C; Fono Roma,wikipedia:studio,,Cinédis (France); CEI Incom (Italy),https://en.wikipedia.org/wiki/The_Wages_of_Fear,https://www.wikidata.org/wiki/Q465773,https://www.themoviedb.org/movie/204,no budget text
Brawl in Cell Block 99,2017,A,"no major studio; budget $9.1M in today's money, avg of 2 sources (< $35M)",high,,9100000,5200000.0,13000000.0,False,"wikipedia: $4 million<ref name="":9""/> | tmdb: $10000000",wikipedia+tmdb,United States,False,Assemble Media; Cinestate; Caliber Media Company; Realmbuilders Productions; XYZ Films,wikipedia:studio,,RLJE Films,https://en.wikipedia.org/wiki/Brawl_in_Cell_Block_99,https://www.wikidata.org/wiki/Q27701435,https://www.themoviedb.org/movie/398175,no budget text
Man on the Roof,1976,A,"no major studio; budget $2.4M in today's money, avg of 2 sources (< $35M)",high,,2365000,2090000.0,2640000.0,False,wikipedia: 4 million [[Swedish krona|SEK]] | tmdb: $480000,wikipedia+tmdb,Sweden,True,"SF Studios, Swedish Film Institute, Bo Widerberg Film AB",wikipedia:studio,,"SF Studios, Swedish Film Institute",https://en.wikipedia.org/wiki/The_Man_on_the_Roof,https://www.wikidata.org/wiki/Q1195466,https://www.themoviedb.org/movie/25699,no budget text
Mikey and Nicky,1976,H,"US film before 1980, major as distributor and so its financier: Paramount Pictures (Paramount)",medium,,23650000,23650000.0,23650000.0,False,wikipedia: $4.3 million | tmdb: $4300000,wikipedia+tmdb,United States,False,Castle Hill Productions,wikipedia:studio,Paramount,Paramount Pictures,https://en.wikipedia.org/wiki/Mikey_and_Nicky,https://www.wikidata.org/wiki/Q3313626,https://www.themoviedb.org/movie/59143,
Mogul Mowgli,2020,A,no major studio; no budget figure found (rule: treat as A),low,,,,,False,,,United Kingdom; United States,False,Vice Media#Pulse Films; Pulse Films; Riz Ahmed; Left Handed Films; BBC Films; Cinereach; Vice Media; VICE Studios; RYOT Films; Silvertown Films,wikipedia:studio,,British Film Institute; BFI Distribution (United Kingdom); Strand Releasing (United States),https://en.wikipedia.org/wiki/Mogul_Mowgli,https://www.wikidata.org/wiki/Q62595516,https://www.themoviedb.org/movie/665764,no budget text
In the Realm of the Senses,1976,A,no major studio; no budget figure found (rule: treat as A),low,,,,,False,,,France; Japan,True,Oshima Productions; Argos Films; Oceanic,wikipedia:studio,,Toho; Toho-Towa (Japan); Argos Films (France),https://en.wikipedia.org/wiki/In_the_Realm_of_the_Senses,https://www.wikidata.org/wiki/Q510181,https://www.themoviedb.org/movie/5879,no budget text
On the Silver Globe,1988,A,no major studio; no budget figure found (rule: treat as A),low,,,,,False,,,Poland,True,KADR (studio); KADR,wikipedia:studio,,Przedsiębiorstwo Dystrybucji Filmów,https://en.wikipedia.org/wiki/On_the_Silver_Globe_(film),https://www.wikidata.org/wiki/Q1988165,https://www.themoviedb.org/movie/27072,wikipedia: currency not convertible: PLN before its 1995 redenomination
Cries and Whispers,1972,A,"no major studio; budget $2.3M in today's money, avg of 2 sources (< $35M)",high,,2337500,2475000.0,2200000.0,False,"wikipedia: $450,000{{sfn|Shargel|2007|p=133}} | tmdb: $400000",wikipedia+tmdb,Sweden,True,AB Svensk Filmindustri; Svensk Filmindustri,wikipedia:studio,,Svensk Filmindustri,https://en.wikipedia.org/wiki/Cries_and_Whispers,https://www.wikidata.org/wiki/Q830874,https://www.themoviedb.org/movie/10238,no budget text
Belle de Jour,1967,A,no major studio; no budget figure found (rule: treat as A),low,,,,,False,,,France; Italy,True,Paris Film Production; Five Film,wikipedia:studio,,Valoria (France); Euro International Films (Italy),https://en.wikipedia.org/wiki/Belle_de_Jour_(film),https://www.wikidata.org/wiki/Q470375,https://www.themoviedb.org/movie/649,no budget text
That Obscure Object of Desire,1977,A,no major studio; no budget figure found (rule: treat as A),low,,,,,False,,,France; Spain,True,Greenwich Film Productions; Les Films Galaxie; InCine,wikipedia:studio,,GEF-CCFC (France); InCine (Spain),https://en.wikipedia.org/wiki/That_Obscure_Object_of_Desire,https://www.wikidata.org/wiki/Q1138798,https://www.themoviedb.org/movie/5781,no budget text
Night Moves,1975,H,"US film before 1980, major as distributor and so its financier: Warner Bros Pictures (Warner), Warner Bros (Warner)",medium,,,,,False,,,United States,False,"Hiller Productions, Ltd. &ndash; Layton",wikipedia:studio,Warner,Warner Bros. Pictures; Warner Bros,https://en.wikipedia.org/wiki/Night_Moves_(1975_film),https://www.wikidata.org/wiki/Q1218655,https://www.themoviedb.org/movie/32042,
The Third Part of the Night,1971,A,no major studio; no budget figure found (rule: treat as A),low,,,,,False,,,Poland,True,"Zespół Filmowy ""Wektor""",wikipedia:studio,,Centrala Wynajmu Filmów,https://en.wikipedia.org/wiki/The_Third_Part_of_the_Night,https://www.wikidata.org/wiki/Q64148,https://www.themoviedb.org/movie/46799,no budget text
Coraline,2009,H,"no major studio, but budget $96.0M in today's money, avg of 2 sources (> $35M)",high,,96000000,96000000.0,96000000.0,False,"wikipedia: $60 million<ref name=""mojo"">{{cite web |url=https://www.boxo | tmdb: $60000000",wikipedia+tmdb,United States,False,"Laika, LLC; Laika; Pandemonium Films",wikipedia:studio,,Focus Features (United States); Universal Pictures (International),https://en.wikipedia.org/wiki/Coraline_(film),https://www.wikidata.org/wiki/Q632668,https://www.themoviedb.org/movie/14836,no budget text
Mysterious Skin,2004,A,"no major studio; budget $4.8M in today's money, tmdb (< $35M)",high,,4800000,,4800000.0,False,tmdb: $3000000,tmdb,Netherlands; United States,False,Fortissimo Films; Antidote Films; Desperate Pictures,wikipedia:studio,,Tartan Films (United Kingdom); TLA Releasing (United States); 1More Film (Netherlands),https://en.wikipedia.org/wiki/Mysterious_Skin,https://www.wikidata.org/wiki/Q1421068,https://www.themoviedb.org/movie/11171,no budget text
10 Things I Hate About You,1999,H,major studio: Touchstone Pictures (Disney),high,Disney,29000000,26000000.0,32000000.0,False,wikipedia: $13 million<ref name=NUM>{{cite The Numbers |id=10-Things-I- | tmdb: $16000000,wikipedia+tmdb,United States,False,Touchstone Pictures; Mad Chance; Jaret Entertainment,wikipedia:studio,,Buena Vista Pictures Distribution,https://en.wikipedia.org/wiki/10_Things_I_Hate_About_You,https://www.wikidata.org/wiki/Q169082,https://www.themoviedb.org/movie/4951,
Point Blank,1967,H,"US film before 1980, major as distributor and so its financier: Metro-Goldwyn-Mayer (Amazon MGM)",medium,,18750000,18750000.0,18750000.0,False,wikipedia: $2.5 million<ref name=irwin>{{cite news|title=CHARTOFF AND W | tmdb: $2500000,wikipedia+tmdb,United States,False,Judd Bernard-Irwin Winkler Production,wikipedia:studio,Amazon MGM,Metro-Goldwyn-Mayer,https://en.wikipedia.org/wiki/Point_Blank_(1967_film),https://www.wikidata.org/wiki/Q595047,https://www.themoviedb.org/movie/26039,
The Purple Rose of Cairo,1985,H,"no major studio, but budget $45.0M in today's money, avg of 2 sources (> $35M)",high,,45000000,45000000.0,45000000.0,False,wikipedia: $15 million | tmdb: $15000000,wikipedia+tmdb,United States,False,Jack Rollins & Charles H. Joffe Productions,wikidata:P272,,Orion Pictures,https://en.wikipedia.org/wiki/The_Purple_Rose_of_Cairo,https://www.wikidata.org/wiki/Q912729,https://www.themoviedb.org/movie/10849,no budget text
In a Lonely Place,1950,H,"US film before 1980, major as distributor and so its financier: Columbia Pictures (Sony)",medium,,,,,False,,,United States,False,Santana Productions; Santana Pictures Corporation,wikipedia:studio,Sony,Columbia Pictures,https://en.wikipedia.org/wiki/In_a_Lonely_Place,https://www.wikidata.org/wiki/Q1305455,https://www.themoviedb.org/movie/17057,
Certified Copy,2010,A,"no major studio; budget $7.2M in today's money, avg of 2 sources (< $35M)",high,,7217600,5335200.000000001,9100000.0,False,wikipedia: €3.8 million | tmdb: $7000000,wikipedia+tmdb,France; Iran; Italy; Belgium,True,MK2; BiBi Film; France 3 Cinéma,wikipedia:studio,,MK2 Diffusion (France); BiM Distribuzione (Italy); Alternative Films (Belgium),https://en.wikipedia.org/wiki/Certified_Copy_(film),https://www.wikidata.org/wiki/Q1214594,https://www.themoviedb.org/movie/48303,no budget text
Where Is the Friend's House?,1987,A,no major studio; no budget figure found (rule: treat as A),low,,,,,False,,,Iran,True,Kanoon; Farabi Cinema,tmdb,,,https://en.wikipedia.org/wiki/Where_Is_the_Friend's_House?,https://www.wikidata.org/wiki/Q2308266,https://www.themoviedb.org/movie/49964,no budget text
Chef,2014,A,"no major studio; budget $14.3M in today's money, avg of 2 sources (< $35M)",high,,14300000,14300000.0,14300000.0,False,wikipedia: $11 million<ref>{{cite web|url=https://www.latimes.com/enter | tmdb: $11000000,wikipedia+tmdb,United States,False,Aldamisa Entertainment; Fairview Entertainment; Fetisov Teterin Films; Prescience; Altus Media; Kilburn Media,wikipedia:studio,,Open Road Films (United States); Lionsgate UK; Lionsgate (United Kingdom),https://en.wikipedia.org/wiki/Chef_(2014_film),https://www.wikidata.org/wiki/Q15046490,https://www.themoviedb.org/movie/212778,no budget text
Climax,2018,A,"no major studio; budget $3.8M in today's money, avg of 2 sources (< $35M)",high,,3770000,3770000.0,3770000.0,False,"wikipedia: $2.9 million<ref name=""budget"">{{cite news |last=Sachs |firs | tmdb: $2900000",wikipedia+tmdb,France; Belgium,True,Rectangle Productions; Wild Bunch (company); Wild Bunch; Les Cinemas de la Zone; Eskwad; KNM; Arte France Cinéma; Artémis Productions,wikipedia:studio,,O Brother Distribution (Belgium); Wild Bunch (France),https://en.wikipedia.org/wiki/Climax_(2018_film),https://www.wikidata.org/wiki/Q52000412,https://www.themoviedb.org/movie/507076,no budget text
Funny Games,1997,A,no major studio; no budget figure found (rule: treat as A),low,,,,,False,,,Austria,True,ORF (broadcaster); Österreichischer Rundfunk,wikipedia:studio,,Wega Film,https://en.wikipedia.org/wiki/Funny_Games_(1997_film),https://www.wikidata.org/wiki/Q696928,https://www.themoviedb.org/movie/10234,no budget text
Run Lola Run,1998,A,"no major studio; budget $3.3M in today's money, avg of 2 sources (< $35M)",high,,3280000,3500000.0,3060000.0,False,wikipedia: $1.75 million<ref name=thenumbers>{{cite web|url=http://www. | tmdb: $1530000,wikipedia+tmdb,Germany,True,X-Filme Creative Pool; Westdeutscher Rundfunk; WDR; Arte,wikipedia:studio,,Prokino Filmverleih,https://en.wikipedia.org/wiki/Run_Lola_Run,https://www.wikidata.org/wiki/Q468697,https://www.themoviedb.org/movie/104,no budget text
Court,2014,A,"no major studio; budget $0.5M in today's money, wikipedia (< $35M)",high,,546000,546000.0,,False,wikipedia: {{INR|3.5}} [[crore]]<ref>{{cite news|url=http://epaperbeta.,wikipedia,India,True,Zoo Entertainment,wikipedia:studio,,Zeitgeist Films; Artscope Films; Memento Films,https://en.wikipedia.org/wiki/Court_(2014_film),https://www.wikidata.org/wiki/Q19891224,https://www.themoviedb.org/movie/290815,no budget text
To Be or Not to Be,1942,H,"US film before 1980, major as distributor and so its financier: United Artists (Amazon MGM)",medium,,12000000,12000000.0,12000000.0,False,"wikipedia: $1.2 million<ref name=""tino"">{{cite book |last=Balio |first= | tmdb: $1200000",wikipedia+tmdb,United States,False,Romaine Film Corp,wikipedia:studio,Amazon MGM,United Artists,https://en.wikipedia.org/wiki/To_Be_or_Not_to_Be_(1942_film),https://www.wikidata.org/wiki/Q704972,https://www.themoviedb.org/movie/198,
Never Look Away,2018,A,"no major studio; budget $23.4M in today's money, tmdb (< $35M)",high,,23400000,,23400000.0,False,tmdb: $18000000,tmdb,Germany,True,Wiedemann & Berg Film Production,wikipedia:studio,,Buena Vista International,https://en.wikipedia.org/wiki/Never_Look_Away_(2018_film),https://www.wikidata.org/wiki/Q28796230,https://www.themoviedb.org/movie/423612,no budget text
Frantz,2016,A,"no major studio; budget $14.4M in today's money, wikipedia (< $35M)",high,,14430000,14430000.0,,False,wikipedia: $11.1 million,wikipedia,Germany; France,True,Mandarin et Compagnie - Mandarin Télévision,wikidata:P272,,Mars Films,https://en.wikipedia.org/wiki/Frantz_(film),https://www.wikidata.org/wiki/Q25395940,https://www.themoviedb.org/movie/377263,no budget text
The Killing of a Chinese Bookie,1976,A,no major studio; no budget figure found (rule: treat as A),low,,,,,False,,,United States,False,Faces International Films; Al Ruban Productions,tmdb,,Faces Distribution,https://en.wikipedia.org/wiki/The_Killing_of_a_Chinese_Bookie,https://www.wikidata.org/wiki/Q1212252,https://www.themoviedb.org/movie/32040,no budget text
Dead Man's Letters,1986,A,no major studio; no budget figure found (rule: treat as A),low,,,,,False,,,Soviet Union,True,Lenfilm,wikipedia:studio,,Lenfilm,https://en.wikipedia.org/wiki/Dead_Man's_Letters,https://www.wikidata.org/wiki/Q914190,https://www.themoviedb.org/movie/73920,no budget text
The Father,2020,A,"no major studio; budget $6.9M in today's money, avg of 2 sources (< $35M)",high,,6900000,6899999.999999999,6899999.999999999,False,wikipedia: $6&nbsp;million<ref>{{cite news |url= https://www.indiewire. | tmdb: $6000000,wikipedia+tmdb,United Kingdom; France,True,F comme Film; Trademark Films; Ciné-@; AG Studios; Les Films du Cru; Film4 Productions; Film4; Orange S.A; Orange Studio; Canal+ (French TV channel); Canal+; Ciné+ OCS; Ciné+,wikipedia:studio,,UGC (cinema operator); UGC Distribution (France); Lionsgate UK; Lionsgate (United Kingdom),https://en.wikipedia.org/wiki/The_Father_(2020_film),https://www.wikidata.org/wiki/Q65066669,https://www.themoviedb.org/movie/600354,no budget text
House of Gucci,2021,H,major studio: Metro-Goldwyn-Mayer Pictures (Amazon MGM),high,Amazon MGM,86250000,86250000.0,86250000.0,False,wikipedia: $75 million<ref>{{Cite magazine |last=Rubin |first=Rebecca | | tmdb: $75000000,wikipedia+tmdb,United States,False,Metro-Goldwyn-Mayer Pictures; Bron Studios; Bron Creative; Scott Free Productions,wikipedia:studio,,United Artists Releasing,https://en.wikipedia.org/wiki/House_of_Gucci,https://www.wikidata.org/wiki/Q105549749,https://www.themoviedb.org/movie/644495,
Fabian: Going to the Dogs,2021,A,no major studio; no budget figure found (rule: treat as A),low,,,,,False,,,Germany,True,Lupa Film; DCM Pictures; ZDF; Arte; Amilux Film; Studio Babelsberg,wikipedia:studio,,DCM Film Distribution,https://en.wikipedia.org/wiki/Fabian:_Going_to_the_Dogs,https://www.wikidata.org/wiki/Q72626552,https://www.themoviedb.org/movie/620498,tmdb: could not parse budget: '$178'
The Green Butchers,2003,A,no major studio; no budget figure found (rule: treat as A),low,,,,,False,,,Denmark,True,M&M Productions,wikidata:P272,,Sandrew Metronome,https://en.wikipedia.org/wiki/The_Green_Butchers,https://www.wikidata.org/wiki/Q690651,https://www.themoviedb.org/movie/4972,no budget text
The Idiots,1998,A,"no major studio; budget $5.0M in today's money, avg of 2 sources (< $35M)",high,,5000000,5000000.0,5000000.0,False,wikipedia: [[United States dollar|USD$]]2.5 million | tmdb: $2500000,wikipedia+tmdb,France; Denmark; Spain; Sweden; Netherlands; Italy,True,Arte; Canal+ (French TV channel); Canal+; Danmarks Radio; Nordisk Film; Nordisk Film- & TV-Fond; Scanbox Entertainment; Zentropa; Zentropa Entertainments2 ApS; Zweites Deutsches Fernsehen,wikipedia:studio,,October Films,https://en.wikipedia.org/wiki/The_Idiots_(1998_film),https://www.wikidata.org/wiki/Q775356,https://www.themoviedb.org/movie/452,no budget text
Nymphomaniac: Vol. I,2013,A,"no major studio; budget $3.1M in today's money, tmdb (< $35M)",high,,3055000,,3055000.0,False,tmdb: $2350000,tmdb,Denmark; Germany; France; Belgium; United Kingdom,True,Zentropa Entertainments; Zentropa International Köln; Zentropa International France; Zentropa International Sweden; Slot Machine; Caviar; Zenbelgie BVBA; ARTE France Cinéma; Film i Väst; Groupe Grand Accord,tmdb,,Vertigo Média; Netflix,,https://www.wikidata.org/wiki/Q21468405,https://www.themoviedb.org/movie/249397,no budget text
Ninjababy,2021,A,no major studio; no budget figure found (rule: treat as A),low,,,,,False,,,Norway,True,Motlys,wikipedia:studio,,Arthaus (Norway); Tri-Art (Sweden); Øst for Paradis (Denmark),https://en.wikipedia.org/wiki/Ninjababy,https://www.wikidata.org/wiki/Q105637627,https://www.themoviedb.org/movie/654074,no budget text
The Worst Person in the World,2021,A,"no major studio; budget $6.1M in today's money, avg of 2 sources (< $35M)",high,,6095000,6439999.999999999,5750000.0,False,wikipedia: €5 million<br>($5.6 million)<ref>{{cite web |url=https://var | tmdb: $5000000,wikipedia+tmdb,Norway; France; Denmark; Sweden,True,Oslo Pictures; Marin Karmitz; MK Productions; Film i Väst; Snowglobe; B-Reel Films,wikipedia:studio,,SF Studios (Norway); Memento Distribution (France); TriArt Film (Sweden); Camera Film (Denmark),https://en.wikipedia.org/wiki/The_Worst_Person_in_the_World,https://www.wikidata.org/wiki/Q107089587,https://www.themoviedb.org/movie/660120,no budget text
Cronos,1992,A,"no major studio; budget $4.0M in today's money, wikipedia (< $35M)",high,,4000000,4000000.0,,False,wikipedia: $2 million<ref>{{cite news |last1=DePalma |first1=Anthony |t,wikipedia,Mexico,True,Fondo de Fomento Cinematográfico; Instituto Mexicano de Cinematografía; Universidad de Guadalajara; Iguana Producciones; Ventana Films,wikipedia:studio,,Prime Films S.L; October Films,https://en.wikipedia.org/wiki/Cronos_(film),https://www.wikidata.org/wiki/Q1140945,https://www.themoviedb.org/movie/11655,no budget text
Parallel Mothers,2021,A,"no major studio; budget $12.6M in today's money, tmdb (< $35M)",high,,12650000,,12649999.999999998,False,tmdb: $11000000,tmdb,Spain,True,El Deseo; Remotamente Films AIE,wikipedia:studio,,Sony Pictures Releasing International; Sony Pictures Entertainment Iberia,https://en.wikipedia.org/wiki/Parallel_Mothers,https://www.wikidata.org/wiki/Q106103421,https://www.themoviedb.org/movie/766798,no budget text
Spencer,2021,A,"no major studio; budget $20.7M in today's money, avg of 2 sources (< $35M)",high,,20700000,20700000.0,20700000.0,False,wikipedia: $18 million<ref>{{cite web |url=https://www.hollywoodreporte | tmdb: $18000000,wikipedia+tmdb,Germany; United Kingdom; United States; Chile,False,Komplizen Film; Fábula; Shoebox Films; FilmNation Entertainment,wikipedia:studio,,Neon (company); Neon and Topic Studios (United States); STX Entertainment; STXinternational (United Kingdom); DCM Film Distribution (Germany); Sun Distribution (Chile),https://en.wikipedia.org/wiki/Spencer_(film),https://www.wikidata.org/wiki/Q105100020,https://www.themoviedb.org/movie/716612,no budget text
The Gift,2015,A,"no major studio; budget $6.5M in today's money, avg of 2 sources (< $35M)",high,,6500000,6500000.0,6500000.0,False,"wikipedia: $5 million<ref name=""deadline"">{{cite web|url=https://deadli | tmdb: $5000000",wikipedia+tmdb,United States; Australia,False,STX Entertainment; Blumhouse Productions; Huayi Brothers; H. Brothers; Blue-Tongue Films; Ahimsa Films,wikipedia:studio,,STX Entertainment (United States); Roadshow Films (Australia),https://en.wikipedia.org/wiki/The_Gift_(2015_American_film),https://www.wikidata.org/wiki/Q19750433,https://www.themoviedb.org/movie/328425,no budget text
Nightmare Alley,1947,H,major studio: 20th Century Studios (Disney/Fox),high,Disney/Fox,,,,False,,,United States,False,20th Century Studios,wikidata:P272,,20th Century Studios; 20th Century-Fox,https://en.wikipedia.org/wiki/Nightmare_Alley_(1947_film),https://www.wikidata.org/wiki/Q685234,https://www.themoviedb.org/movie/19169,
The House That Jack Built,2018,A,"no major studio; budget $12.8M in today's money, avg of 2 sources (< $35M)",high,,12805000,12870000.0,12740000.0,False,wikipedia: [[Euro|€]]8.7 million<ref name=conference>{{cite web|url=htt | tmdb: $9800000,wikipedia+tmdb,Denmark; Sweden; France; Germany,True,Zentropa; Film i Väst; Eurimages; Nordisk Film; Les Films du Losange,wikipedia:studio,,TrustNordisk (Denmark); Les Films du Losange (France),https://en.wikipedia.org/wiki/The_House_That_Jack_Built_(2018_film),https://www.wikidata.org/wiki/Q27920121,https://www.themoviedb.org/movie/398173,no budget text
Breaking the Waves,1996,A,"no major studio; budget $15.0M in today's money, avg of 2 sources (< $35M)",high,,15000000,15000000.0,15000000.0,False,wikipedia: $7.5 million<ref>{{cite book |last=Goss |first=Brian Michael | tmdb: $7500000,wikipedia+tmdb,Denmark; Sweden; France; Netherlands; Norway; Iceland,True,Zentropa,wikipedia:studio,,Sandrew Metronome; Metronome Films ApS (Denmark); Senso Films (Finland); Lucky Red (Italy); Pandora Film (Germany); October Films (United States),https://en.wikipedia.org/wiki/Breaking_the_Waves,https://www.wikidata.org/wiki/Q538412,https://www.themoviedb.org/movie/145,no budget text
Europa,1991,A,"no major studio; budget $8.1M in today's money, wikipedia (< $35M)",high,,8120000,8119999.999999999,,False,wikipedia: {{Unbulleted list | item_style=white-space: nowrap | [[Danis,wikipedia,Switzerland; France; Sweden; Denmark; Germany; Spain,True,item_style=white-space: nowrap; Det Danske Filminstitut; Svenska Filminstitutet; Eurimages; Union Generale Cinematographique; UGC,wikipedia:studio,,Nordisk Film Biografdistribution (Denmark; through Constantin- 20th Century Studios; Fox -Nordisk ); Svenska Filminstitutet (Sweden); NEF Filmverleih (Germany),https://en.wikipedia.org/wiki/Europa_(1991_film),https://www.wikidata.org/wiki/Q666017,https://www.themoviedb.org/movie/9065,no budget text
The Kingdom,1994,A,"no major studio; budget $3.0M in today's money, tmdb (< $35M)",high,,3000000,,3000000.0,False,tmdb: $1500000,tmdb,Denmark; Sweden,True,DR; SVT,tmdb,,,,,https://www.themoviedb.org/movie/22137,no budget text
Happy End,2017,A,"no major studio; budget $17.7M in today's money, tmdb (< $35M)",high,,17680000,,17680000.0,False,tmdb: $13600000,tmdb,France; Germany; Austria,True,Les Films du Losange; X-Filme Creative Pool; Wega Film,wikipedia:studio,,Les Films du Losange; X-Verleih (through Warner Bros. Pictures; Warner Bros. ); Filmladen,https://en.wikipedia.org/wiki/Happy_End_(2017_film),https://www.wikidata.org/wiki/Q22000321,https://www.themoviedb.org/movie/399031,no budget text
Yella,2007,A,"no major studio; budget $4.8M in today's money, tmdb (< $35M)",high,,4800000,,4800000.0,False,tmdb: $3000000,tmdb,Germany,True,Schramm Film Koerner & Weber,wikipedia:studio,,Piffl Medien,https://en.wikipedia.org/wiki/Yella_(film),https://www.wikidata.org/wiki/Q1372318,https://www.themoviedb.org/movie/3037,no budget text
The City Below,2010,A,no major studio; no budget figure found (rule: treat as A),low,,,,,False,,,Germany; France,True,Westdeutscher Rundfunk; WDR; Arte,wikipedia:studio,,Piffl Medien,https://en.wikipedia.org/wiki/The_City_Below,https://www.wikidata.org/wiki/Q974460,https://www.themoviedb.org/movie/78400,no budget text
Swallow,2019,A,no major studio; no budget figure found (rule: treat as A),low,,,,,False,,,United States; France,False,Charades; Logical Pictures; Stand Alone Productions; Syncopated Films,wikipedia:studio,,IFC Films (United States); UFO Distribution (France),https://en.wikipedia.org/wiki/Swallow_(2019_film),https://www.wikidata.org/wiki/Q55634470,https://www.themoviedb.org/movie/586461,no budget text
A Hero,2021,A,no major studio; no budget figure found (rule: treat as A),low,,,,,False,,,Iran; France,True,Memento Films,wikipedia:studio,,Khaneh Film (Iran); Memento Films (France),https://en.wikipedia.org/wiki/A_Hero,https://www.wikidata.org/wiki/Q105012394,https://www.themoviedb.org/movie/672208,no budget text
Wet Hot American Summer,2001,A,"no major studio; budget $5.4M in today's money, avg of 2 sources (< $35M)",high,,5440000,2880000.0,8000000.0,False,"wikipedia: $1.8&nbsp;million<ref name=""EW 2011""/><ref name=""QandAGoldsm | tmdb: $5000000",wikipedia+tmdb,United States,False,Eureka Pictures; North Coast Group,wikipedia:studio,,Focus Features; USA Films,https://en.wikipedia.org/wiki/Wet_Hot_American_Summer,https://www.wikidata.org/wiki/Q2294292,https://www.themoviedb.org/movie/2171,no budget text
Wheel of Fortune and Fantasy,2021,A,no major studio; no budget figure found (rule: treat as A),low,,,,,False,,,Japan,True,Neopa; Fictive,wikipedia:studio,,Reel Pictures (Denmark); Incline (Japan),https://en.wikipedia.org/wiki/Wheel_of_Fortune_and_Fantasy,https://www.wikidata.org/wiki/Q105481082,https://www.themoviedb.org/movie/795811,no budget text
Saint Maud,2019,A,"no major studio; budget $3.2M in today's money, wikipedia (< $35M)",high,,3250000,3250000.0,,False,wikipedia: $2.5 million<ref>{{cite web | url=https://www.screendaily.co,wikipedia,United Kingdom,True,Film4 Productions; Film4; British Film Institute; BFI; Escape Plan Productions,wikipedia:studio,,StudioCanal UK; StudioCanal,https://en.wikipedia.org/wiki/Saint_Maud,https://www.wikidata.org/wiki/Q68681279,https://www.themoviedb.org/movie/575776,no budget text
Crash,1996,A,"no major studio; budget $19.0M in today's money, avg of 2 sources (< $35M)",high,,19000000,20000000.0,18000000.0,False,wikipedia: $8–10 million{{sfn|Mathijs|2008|p=188}}<ref>{{cite web |titl | tmdb: $9000000,wikipedia+tmdb,Canada; United Kingdom,True,Alliance Films; Alliance Communications; The Movie Network; Telefilm Canada; Recorded Picture Company (uncredited),wikipedia:studio,,Alliance Releasing,https://en.wikipedia.org/wiki/Crash_(1996_film),https://www.wikidata.org/wiki/Q839133,https://www.themoviedb.org/movie/884,no budget text
"Good Night, and Good Luck.",2005,A,"no major studio; budget $11.2M in today's money, avg of 2 sources (< $35M)",high,,11200000,11200000.0,11200000.0,False,wikipedia: $7 million<ref name=Numbers>{{cite web|url = https://www.the | tmdb: $7000000,wikipedia+tmdb,United States; France,False,2929 Entertainment; Participant Productions; Section Eight Productions; Davis Films; Lionsgate UK; Redbus Pictures; Tohokushinsha,wikipedia:studio,,Warner Independent Pictures (United States); Redbus Film Distribution (United Kingdom); Metropolitan Filmexport (France); Tohokushinsha (Japan),"https://en.wikipedia.org/wiki/Good_Night,_and_Good_Luck",https://www.wikidata.org/wiki/Q319061,https://www.themoviedb.org/movie/3291,no budget text
Catch-22,2019,?,no matching film found in any source,none,,,,,False,,,,,,,,,,,,
Marcel the Shell with Shoes On,2021,A,"no major studio; budget $6.9M in today's money, avg of 2 sources (< $35M)",high,,6900000,6899999.999999999,6899999.999999999,False,wikipedia: $6 million<ref>{{Cite web |date=2022-03-02 |title=Dean Fleis | tmdb: $6000000,wikipedia+tmdb,United States,False,Cinereach; You Want I Should; Human Woman; Sunbeam Television & Films; Chiodo Bros. Productions,wikipedia:studio,,A24; (United States and Canada); Universal Pictures International; Focus Features (international),https://en.wikipedia.org/wiki/Marcel_the_Shell_with_Shoes_On_(2021_film),https://www.wikidata.org/wiki/Q109447163,https://www.themoviedb.org/movie/869626,no budget text
Midnight Cowboy,1969,H,"US film before 1980, major as distributor and so its financier: United Artists (Amazon MGM)",medium,,25500000,24000000.0,27000000.0,False,"wikipedia: $3.2 million<ref name=""tino"">{{cite book |first=Tino |last=B | tmdb: $3600000",wikipedia+tmdb,United States,False,Jerome Hellman Productions; Mist Entertainment,wikipedia:studio,Amazon MGM,United Artists,https://en.wikipedia.org/wiki/Midnight_Cowboy,https://www.wikidata.org/wiki/Q61696,https://www.themoviedb.org/movie/3116,
The Whale,2022,A,"no major studio; budget $3.4M in today's money, avg of 2 sources (< $35M)",high,,3450000,3449999.9999999995,3449999.9999999995,False,wikipedia: $3 million<ref>{{cite web |url=https://midhudsonnews.com/202 | tmdb: $3000000,wikipedia+tmdb,United States,False,A24; Protozoa Pictures,wikipedia:studio,,A24,https://en.wikipedia.org/wiki/The_Whale_(2022_film),https://www.wikidata.org/wiki/Q105883400,https://www.themoviedb.org/movie/785084,no budget text
Russian Ark,2002,A,"no major studio; budget $4.0M in today's money, wikipedia (< $35M)",high,,4000000,4000000.0,,False,"wikipedia: ~$2.5 million<ref>{{cite journal |title=Что такое ""Русский к",wikipedia,Russia; Germany; France; Japan; Canada; Finland; Denmark,True,Seville Pictures,wikipedia:studio,,Wellspring Media,https://en.wikipedia.org/wiki/Russian_Ark,https://www.wikidata.org/wiki/Q59721,https://www.themoviedb.org/movie/16646,no budget text
The Beguiled,2017,A,"no major studio; budget $13.3M in today's money, avg of 2 sources (< $35M)",high,,13325000,13000000.0,13650000.0,False,wikipedia: $10 million<ref>{{cite web | first=Anne | last=Thompson | ti | tmdb: $10500000,wikipedia+tmdb,United States,False,American Zoetrope,wikipedia:studio,,Focus Features (United States); Universal Pictures (International),https://en.wikipedia.org/wiki/The_Beguiled_(2017_film),https://www.wikidata.org/wiki/Q27684970,https://www.themoviedb.org/movie/399019,no budget text
DAHMER - Monster: The Jeffrey Dahmer Story,2022,?,no matching film found in any source,none,,,,,False,,,,,,,,,,,,
The Red Shoes,1948,A,"no major studio; budget $5.7M in today's money, avg of 2 sources (< $35M)",high,,5710560,6421120.0,5000000.0,False,"wikipedia: > [[Pound sterling|£]]505,600{{efn|name=budget}}{{sfn|Harper | tmdb: $500000",wikipedia+tmdb,United Kingdom,True,Powell and Pressburger; The Archers,wikipedia:studio,,General Film Distributors,https://en.wikipedia.org/wiki/The_Red_Shoes_(1948_film),https://www.wikidata.org/wiki/Q625780,https://www.themoviedb.org/movie/19542,no budget text
A Bigger Splash,2015,A,no major studio; no budget figure found (rule: treat as A),low,,,,,False,,,Italy; France,True,StudioCanal; Frenesy Film Company; Cota Film,wikipedia:studio,,Lucky Red; StudioCanal; Fox Searchlight Pictures,https://en.wikipedia.org/wiki/A_Bigger_Splash_(2015_film),https://www.wikidata.org/wiki/Q18202448,https://www.themoviedb.org/movie/324807,no budget text
The Souvenir,2019,A,no major studio; no budget figure found (rule: treat as A),low,,,,,False,,,United Kingdom; United States,False,JWH Films; BBC Films; British Film Institute; BFI; Sikelia Productions; Protagonist Pictures,wikipedia:studio,,A24 (United States and Canada); Curzon Film; Curzon (United Kingdom and Ireland),https://en.wikipedia.org/wiki/The_Souvenir,https://www.wikidata.org/wiki/Q59551553,https://www.themoviedb.org/movie/473019,no budget text
Through the Olive Trees,1994,A,no major studio; no budget figure found (rule: treat as A),low,,,,,False,,,France; Iran,True,Abbas Kiarostami Productions; Ciby 2000; CiBy 2000; Farabi Cinema Foundation,wikipedia:studio,,Miramax,https://en.wikipedia.org/wiki/Through_the_Olive_Trees,https://www.wikidata.org/wiki/Q2485167,https://www.themoviedb.org/movie/47104,no budget text
The 400 Blows,1959,A,no major studio; no budget figure found (rule: treat as A),low,,,,,False,,,France,True,Les Films du Carrosse,wikipedia:studio,,Cocinor,https://en.wikipedia.org/wiki/The_400_Blows,https://www.wikidata.org/wiki/Q162331,https://www.themoviedb.org/movie/147,no budget text
The Sting,1973,H,major studio: Universal Pictures (Universal),high,Universal,30250000,30250000.0,30250000.0,False,"wikipedia: $5.5 million<ref name=""Num"">{{cite web | title= The Sting |  | tmdb: $5500000",wikipedia+tmdb,United States,False,Universal Pictures; The Zanuck/Brown Company,wikipedia:studio,,Universal Pictures,https://en.wikipedia.org/wiki/The_Sting,https://www.wikidata.org/wiki/Q62665,https://www.themoviedb.org/movie/9277,
Blazing Saddles,1974,H,"US film before 1980, major as distributor and so its financier: Warner Bros Pictures (Warner), Warner Bros (Warner)",medium,,14300000,14300000.0,14300000.0,False,wikipedia: $2.6 million | tmdb: $2600000,wikipedia+tmdb,United States,False,Crossbow Productions,wikipedia:studio,Warner,Warner Bros. Pictures; Warner Bros,https://en.wikipedia.org/wiki/Blazing_Saddles,https://www.wikidata.org/wiki/Q957323,https://www.themoviedb.org/movie/11072,
Under the Skin,2013,A,"no major studio; budget $17.3M in today's money, wikipedia (< $35M)",high,,17290000,17290000.0,,False,"wikipedia: [[Pound sterling|£]]8&nbsp;million<ref name=""SD"">{{cite web|",wikipedia,United Kingdom; Switzerland,True,British Film Institute; BFI; Film4 Productions; Film4; Silver Reel; Creative Scotland; JW Films; FilmNation Entertainment,wikipedia:studio,,BiM Distribuzione,https://en.wikipedia.org/wiki/Under_the_Skin_(2013_film),https://www.wikidata.org/wiki/Q4366287,https://www.themoviedb.org/movie/698232,no budget text
Spring,2014,A,no major studio; no budget figure found (rule: treat as A),low,,,,,False,,,United States,False,XYZ Films,wikipedia:studio,,Drafthouse Films; FilmBuff,https://en.wikipedia.org/wiki/Spring_(2014_film),https://www.wikidata.org/wiki/Q18578674,https://www.themoviedb.org/movie/241855,no budget text
Yi Yi,2000,A,no major studio; no budget figure found (rule: treat as A),low,,,,,False,,,Taiwan; Japan,True,1+2 Seisaku Iinkai; Edward Yang; Atom Films; Pony Canyon; Omega Project,wikipedia:studio,,Fran Rubel Kuzui; Kuzui Enterprises (Japan),https://en.wikipedia.org/wiki/Yi_Yi,https://www.wikidata.org/wiki/Q704513,https://www.themoviedb.org/movie/25538,no budget text
Bicycle Thieves,1948,A,"no major studio; budget $1.3M in today's money, avg of 2 sources (< $35M)",high,,1330000,1330000.0,1330000.0,False,"wikipedia: $133,000<ref>{{cite web | url = https://www.villagevoice.com | tmdb: $133000",wikipedia+tmdb,Italy,True,Produzioni De Sica,wikipedia:studio,,Ente Nazionale Industrie Cinematografiche,https://en.wikipedia.org/wiki/Bicycle_Thieves,https://www.wikidata.org/wiki/Q172837,https://www.themoviedb.org/movie/5156,no budget text
Cinema Paradiso,1988,A,"no major studio; budget $15.0M in today's money, avg of 2 sources (< $35M)",high,,15000000,15000000.0,15000000.0,False,wikipedia: US$5 million<ref>{{cite news|url=https://news.google.com/new | tmdb: $5000000,wikipedia+tmdb,France; Italy,True,Cristaldi Film; Les Films Ariane; RAI; TF1; Forum Picture,wikipedia:studio,,Titanus (Italy); Ariane Distribution (France),https://en.wikipedia.org/wiki/Cinema_Paradiso,https://www.wikidata.org/wiki/Q464032,https://www.themoviedb.org/movie/11216,no budget text
Distant,2002,A,no major studio; no budget figure found (rule: treat as A),low,,,,,False,,,Turkey,True,Nuri Bilge Ceylan; NBC Film,wikipedia:studio,,,https://en.wikipedia.org/wiki/Uzak,https://www.wikidata.org/wiki/Q1361018,https://www.themoviedb.org/movie/31026,no budget text
Lord of War,2005,H,"no major studio, but budget $88.0M in today's money, avg of 2 sources (> $35M)",high,,88000000,96000000.0,80000000.0,False,"wikipedia: $42–60 million<ref name="":13"" /><ref name="":15"" /> | tmdb: $50000000",wikipedia+tmdb,Germany; United States,False,Entertainment Manufacturing Company; Saturn Films; Ascendant Pictures; VIP 3 Medienfonds,wikipedia:studio,,Lions Gate Films (United States); Metro-Goldwyn-Mayer (Germany; through 20th Century Fox),https://en.wikipedia.org/wiki/Lord_of_War,https://www.wikidata.org/wiki/Q308681,https://www.themoviedb.org/movie/1830,no budget text
Doubt,2008,A,"no major studio; budget $32.0M in today's money, avg of 2 sources (< $35M)",medium,,32000000,32000000.0,32000000.0,False,wikipedia: $20 million | tmdb: $20000000,wikipedia+tmdb,United States,False,Miramax Films; Scott Rudin Productions,wikipedia:studio,,Miramax Films,https://en.wikipedia.org/wiki/Doubt_(2008_film),https://www.wikidata.org/wiki/Q640450,https://www.themoviedb.org/movie/14359,no budget text
"Spring, Summer, Fall, Winter... and Spring",2003,A,no major studio; no budget figure found (rule: treat as A),low,,,,,False,,,South Korea; Germany,True,LJ Film; Pandora Film,wikipedia:studio,,Cineclick Asia (South Korea); Bavaria Film (Germany),"https://en.wikipedia.org/wiki/Spring,_Summer,_Fall,_Winter..._and_Spring",https://www.wikidata.org/wiki/Q494871,https://www.themoviedb.org/movie/113,no budget text
Peppermint Candy,1999,A,no major studio; no budget figure found (rule: treat as A),low,,,,,False,,,South Korea,True,NHK,wikidata:P272,,Shindo Films; Cineclick Asia,https://en.wikipedia.org/wiki/Peppermint_Candy,https://www.wikidata.org/wiki/Q448464,https://www.themoviedb.org/movie/41245,no budget text
"Right Now, Wrong Then",2015,A,no major studio; no budget figure found (rule: treat as A),low,,,,,False,,,South Korea,True,Jeonwonsa Films,wikipedia:studio,,Next Entertainment World,"https://en.wikipedia.org/wiki/Right_Now,_Wrong_Then",https://www.wikidata.org/wiki/Q20652078,https://www.themoviedb.org/movie/354275,no budget text
New World,2013,A,no major studio; no budget figure found (rule: treat as A),low,,,,,False,,,South Korea,True,Next Entertainment World; KTH,wikidata:P272,,Next Entertainment World,https://en.wikipedia.org/wiki/New_World_(2013_film),https://www.wikidata.org/wiki/Q6408823,https://www.themoviedb.org/movie/165213,no budget text
Return to Seoul,2022,A,no major studio; no budget figure found (rule: treat as A),low,,,,,False,,,France; Belgium; Germany; Cambodia; Qatar; South Korea; Romania,True,Aurora Films; Vandertastic Films; Frakas Productions; VOO; BeTV (Belgium); BeTV,wikipedia:studio,,"Les Films du Losange (France); Rapid Eye Movies (Germany); Imagine Film Distribution (Belgium); Sony Pictures Classics (North and Latin America, Middle East, Australia and New Zealand); Westec Media Limited (Cambodia)",https://en.wikipedia.org/wiki/Return_to_Seoul,https://www.wikidata.org/wiki/Q112762598,https://www.themoviedb.org/movie/952701,no budget text
Infinity Pool,2023,A,"no major studio; budget $5.2M in today's money, tmdb (< $35M)",high,,5175000,,5175000.0,False,tmdb: $4500000,tmdb,Canada; Hungary; France,True,Film Forge; Elevation Pictures; 4film; Hero Squared; Telefilm Canada; Eurimages; The Croatian Audiovisual Centre; Celluloid Dreams,wikipedia:studio,,Elevation Pictures (Canada); Blitz (Croatia); Pannonia Entertainment (Hungary),https://en.wikipedia.org/wiki/Infinity_Pool_(film),https://www.wikidata.org/wiki/Q109312634,https://www.themoviedb.org/movie/667216,no budget text
Thelma & Louise,1991,H,"major studio: Metro-Goldwyn-Mayer (Amazon MGM), MGM-Pathé Communications (Amazon MGM)",high,Amazon MGM,32500000,33000000.0,32000000.0,False,wikipedia: $16.5&nbsp;million<ref name=BOM/> | tmdb: $16000000,wikipedia+tmdb,United States; United Kingdom; France,False,Metro-Goldwyn-Mayer; MGM-Pathé Communications; Pathé Entertainment; Scott Free Productions; Percy Main Productions; Star Partners III Ltd,wikipedia:studio,,MGM-Pathé Communications,https://en.wikipedia.org/wiki/Thelma_&_Louise,https://www.wikidata.org/wiki/Q658041,https://www.themoviedb.org/movie/1541,
Rumble Fish,1983,A,"no major studio; budget $30.0M in today's money, avg of 2 sources (< $35M)",medium,,30000000,30000000.0,30000000.0,False,wikipedia: $10 million | tmdb: $10000000,wikipedia+tmdb,United States,False,American Zoetrope; Zoetrope Studios,wikipedia:studio,,Universal Pictures,https://en.wikipedia.org/wiki/Rumble_Fish,https://www.wikidata.org/wiki/Q845102,https://www.themoviedb.org/movie/232,no budget text
A Most Wanted Man,2014,A,"no major studio; budget $19.5M in today's money, avg of 2 sources (< $35M)",high,,19500000,19500000.0,19500000.0,False,wikipedia: $15 million<ref>{{Cite web |title=A Most Wanted Man (2014) - | tmdb: $15000000,wikipedia+tmdb,United Kingdom; Germany; United States,False,Film4 Productions; Demarest Films; Senator Film; Potboiler Productions; The Ink Factory,wikipedia:studio,,Entertainment One Films (United Kingdom); Roadside Attractions; Lionsgate Films; Lionsgate (United States); Senator Film (Germany),https://en.wikipedia.org/wiki/A_Most_Wanted_Man_(film),https://www.wikidata.org/wiki/Q2819825,https://www.themoviedb.org/movie/157849,no budget text
Master and Commander: The Far Side of the World,2003,H,"major studio: 20th Century Fox (Disney/Fox), Universal Pictures (Universal)",high,Disney/Fox; Universal,240000000,240000000.0,240000000.0,False,"wikipedia: $150 million<ref name=""boxoffmo""/> | tmdb: $150000000",wikipedia+tmdb,United States,False,20th Century Fox; Miramax; Miramax Films; Universal Pictures; Samuel Goldwyn Films,wikipedia:studio,,20th Century Fox,https://en.wikipedia.org/wiki/Master_and_Commander:_The_Far_Side_of_the_World,https://www.wikidata.org/wiki/Q1125384,https://www.themoviedb.org/movie/8619,
The Turin Horse,2011,A,"no major studio; budget $1.4M in today's money, avg of 2 sources (< $35M)",high,,1432600,1565200.0,1300000.0,False,wikipedia: 430 million [[Hungarian forint|HUF]]<ref>{{cite web |last1=K | tmdb: $1000000,wikipedia+tmdb,Hungary; France; Germany; Switzerland; United States,False,T. T. Filmműhely,wikipedia:studio,,Másképp Alapítvány; Cirko Film,https://en.wikipedia.org/wiki/The_Turin_Horse,https://www.wikidata.org/wiki/Q1336326,https://www.themoviedb.org/movie/81401,no budget text
Werckmeister Harmonies,2000,A,"no major studio; budget $2.6M in today's money, wikipedia (< $35M)",high,,2560000,2560000.0,,False,wikipedia: $1.6 million,wikipedia,Hungary; Germany; France; Italy; Switzerland,True,Goëss Film; Von Vietinghoff Filmproduktion; 13 Productions,wikidata:P272,,,https://en.wikipedia.org/wiki/Werckmeister_Harmonies,https://www.wikidata.org/wiki/Q509169,https://www.themoviedb.org/movie/23160,no budget text
Possessor,2020,A,"no major studio; budget $2.9M in today's money, tmdb (< $35M)",high,,2875000,,2875000.0,False,tmdb: $2500000,tmdb,Canada; United Kingdom,True,Ingenious Media; Telefilm Canada; Arclight Films; Ontario Creates; Particular Crowd; Crave (streaming service); Crave; Rhombus Media; Rook Films,wikipedia:studio,,Elevation Pictures (Canada); Signature Entertainment (United Kingdom),https://en.wikipedia.org/wiki/Possessor_(film),https://www.wikidata.org/wiki/Q60849823,https://www.themoviedb.org/movie/435615,no budget text
Code 46,2003,H,major studio: United Artists (Amazon MGM),high,Amazon MGM,12000000,12000000.0,12000000.0,False,wikipedia: $7.5 million | tmdb: $7500000,wikipedia+tmdb,United Kingdom,True,United Artists; UK Film Council; BBC Films; Revolution Films,wikipedia:studio,,Verve Pictures (United Kingdom); MGM Distribution Co. (United States),https://en.wikipedia.org/wiki/Code_46,https://www.wikidata.org/wiki/Q1105584,https://www.themoviedb.org/movie/2577,
Serial Mom,1994,A,"no major studio; budget $26.0M in today's money, avg of 2 sources (< $35M)",high,,26000000,26000000.0,26000000.0,False,"wikipedia: $13 million<ref name=""mojo""/> | tmdb: $13000000",wikipedia+tmdb,United States,False,Polar Entertainment Corporation,wikipedia:studio,,Savoy Pictures,https://en.wikipedia.org/wiki/Serial_Mom,https://www.wikidata.org/wiki/Q610670,https://www.themoviedb.org/movie/11592,no budget text
The Sea Inside,2004,A,"no major studio; budget $18.9M in today's money, avg of 2 sources (< $35M)",high,,18884800,17280000.0,20489600.0,False,wikipedia: €10 million | tmdb: $12806000,wikipedia+tmdb,Spain; Italy; France,True,PRISA TV; Sogepaq; UGC (cinema operator); UGC Images; Eyescreen,wikipedia:studio,,Warner Sogefilms (Spain); UGC Fox Distribution (France); Lucky Red (Italy),https://en.wikipedia.org/wiki/The_Sea_Inside,https://www.wikidata.org/wiki/Q593615,https://www.themoviedb.org/movie/1913,no budget text
Devs,2020,?,no matching film found in any source,none,,,,,False,,,,,,,,,,,,
Her Smell,2018,A,no major studio; no budget figure found (rule: treat as A),low,,,,,False,,,United States,False,Bow and Arrow Entertainment; Faliro House Productions,wikipedia:studio,,Gunpowder & Sky,https://en.wikipedia.org/wiki/Her_Smell,https://www.wikidata.org/wiki/Q52715587,https://www.themoviedb.org/movie/520679,no budget text
High-Rise,2015,A,"no major studio; budget $10.4M in today's money, wikipedia (< $35M)",high,,10400000,10400000.0,,False,"wikipedia: £6.1 million (approximately US$8 million)<ref name=""wsj""/>",wikipedia,United Kingdom,True,Recorded Picture Company; HanWay Films; Film4 Productions; Film4; British Film Institute; BFI; Northern Ireland Screen; Ingenious Media; Scope Pictures; S Films,wikipedia:studio,,StudioCanal UK; StudioCanal,https://en.wikipedia.org/wiki/High-Rise_(film),https://www.wikidata.org/wiki/Q16994014,https://www.themoviedb.org/movie/254302,no budget text
Mother,2009,A,"no major studio; budget $8.0M in today's money, avg of 2 sources (< $35M)",high,,8000000,8000000.0,8000000.0,False,wikipedia: {{USD|5 million}} | tmdb: $5000000,wikipedia+tmdb,South Korea,True,CJ Entertainment; Barunson,wikipedia:studio,,CJ Entertainment,https://en.wikipedia.org/wiki/Mother_(2009_film),https://www.wikidata.org/wiki/Q483761,https://www.themoviedb.org/movie/30018,no budget text
Waltz with Bashir,2008,A,"no major studio; budget $2.2M in today's money, avg of 2 sources (< $35M)",high,,2240000,2080000.0,2400000.0,False,wikipedia: $1.3 million<ref>[http://www.iht.com/articles/2008/05/19/art | tmdb: $1500000,wikipedia+tmdb,Israel; France; Germany; United Kingdom,True,Bridgit Folman Film Gang; Les Films d Ici; Razor Film Produktion,wikipedia:studio,,Le Pacte (France); Pandora Film (Germany); Sony Pictures Classics (United States); Future Film (Finland); Frenetic Films (Switzerland); Cinéart (Belgium); Madman Entertainment (Australia),https://en.wikipedia.org/wiki/Waltz_with_Bashir,https://www.wikidata.org/wiki/Q160793,https://www.themoviedb.org/movie/8885,no budget text
Running on Empty,1988,H,major studio: Warner Bros Entertainment (Warner),high,Warner,21000000,21000000.0,,False,wikipedia: $7 million<ref name=AFI_Catalog>{{Cite web |title=Running on,wikipedia,United States,False,Warner Bros. Entertainment,wikidata:P272,,Warner Bros. Pictures,https://en.wikipedia.org/wiki/Running_on_Empty_(1988_film),https://www.wikidata.org/wiki/Q544780,https://www.themoviedb.org/movie/18197,
Fail Safe,1964,H,major studio: Columbia Pictures (Sony),high,Sony,,,,False,,,United States,False,Columbia Pictures,wikipedia:studio,,Columbia Pictures,https://en.wikipedia.org/wiki/Fail_Safe_(1964_film),https://www.wikidata.org/wiki/Q543505,https://www.themoviedb.org/movie/502,
Prince of the City,1981,A,"no major studio; budget $25.8M in today's money, avg of 2 sources (< $35M)",high,,25800000,25800000.0,25800000.0,False,wikipedia: $8.6 million | tmdb: $8600000,wikipedia+tmdb,United States,False,Orion Pictures,wikipedia:studio,,Warner Bros. Pictures; Warner Bros,https://en.wikipedia.org/wiki/Prince_of_the_City,https://www.wikidata.org/wiki/Q1709419,https://www.themoviedb.org/movie/32047,no budget text
Far from Heaven,2002,A,"no major studio; budget $21.6M in today's money, avg of 2 sources (< $35M)",high,,21600000,21600000.0,21600000.0,False,"wikipedia: $13.5 million<ref name=""mojo""/> | tmdb: $13500000",wikipedia+tmdb,United States,False,Vulcan Productions; Killer Films; John Wells Productions; Section Eight Productions; Section Eight,wikipedia:studio,,Focus Features (U.S.); ARP Sélection (France),https://en.wikipedia.org/wiki/Far_from_Heaven,https://www.wikidata.org/wiki/Q1130664,https://www.themoviedb.org/movie/10712,no budget text
The Taking of Pelham One Two Three,1974,H,"US film before 1980, major as distributor and so its financier: United Artists (Amazon MGM)",medium,,20900000,20900000.0,,False,"wikipedia: $3.8 million<ref name=""haun"">Haun, Harry (April 7, 1974). ""M",wikipedia,United States,False,Palomar Pictures; Palladium Productions,wikipedia:studio,Amazon MGM,United Artists,https://en.wikipedia.org/wiki/The_Taking_of_Pelham_One_Two_Three_(1974_film),https://www.wikidata.org/wiki/Q633171,https://www.themoviedb.org/movie/8333,
Shiva Baby,2020,A,"no major studio; budget $0.3M in today's money, avg of 2 sources (< $35M)",high,,258750,229999.99999999997,287500.0,False,"wikipedia: $200,000<!--cited in body--> | tmdb: $250000",wikipedia+tmdb,United States; Canada,False,Dimbo Pictures; It Doesn t Suck Productions; Bad Mensch Productions; Thick Media; Neon Heart Productions; 7 Sennotts; Irving Harvey,wikipedia:studio,,Utopia (company); Utopia,https://en.wikipedia.org/wiki/Shiva_Baby,https://www.wikidata.org/wiki/Q98078759,https://www.themoviedb.org/movie/664300,no budget text
Dope,2015,A,"no major studio; budget $9.1M in today's money, avg of 2 sources (< $35M)",high,,9100000,9100000.0,9100000.0,False,"wikipedia: $7 million<ref name=""BOM""/> | tmdb: $7000000",wikipedia+tmdb,United States,False,Significant Productions; i am OTHER; Revolt (TV network); Revolt Films,wikipedia:studio,,Open Road Films (North America); Sony Pictures Entertainment Motion Picture Group#Sony Pictures Releasing; Sony Pictures Releasing International; Stage 6 Films (International),https://en.wikipedia.org/wiki/Dope_(2015_film),https://www.wikidata.org/wiki/Q18890297,https://www.themoviedb.org/movie/308639,no budget text
Something Wild,1986,A,"no major studio; budget $21.0M in today's money, avg of 2 sources (< $35M)",high,,21000000,21000000.0,21000000.0,False,wikipedia: $7 million<ref>{{Cite web|url=http://catalog.afi.com/Film/57 | tmdb: $7000000,wikipedia+tmdb,United States,False,Orion Pictures; Religioso Primitiva Productions,wikipedia:studio,,Orion Pictures,https://en.wikipedia.org/wiki/Something_Wild_(1986_film),https://www.wikidata.org/wiki/Q644485,https://www.themoviedb.org/movie/11300,no budget text
Election,1999,H,"no major studio, but budget $50.0M in today's money, avg of 2 sources (> $35M)",high,,50000000,50000000.0,50000000.0,False,"wikipedia: $8.5–25 million<ref name=""numbers"" /><ref name =""BOM"">{{mojo | tmdb: $25000000",wikipedia+tmdb,United States,False,MTV Productions; Bona Fide Productions,wikipedia:studio,,Paramount Pictures,https://en.wikipedia.org/wiki/Election_(1999_film),https://www.wikidata.org/wiki/Q1206261,https://www.themoviedb.org/movie/9451,no budget text
Raw,2016,A,"no major studio; budget $4.7M in today's money, avg of 2 sources (< $35M)",high,,4745000,4940000.0,4550000.0,False,"wikipedia: {{Plainlist|
* [[Euro|€]]3.48 million<ref>{{cite web|url=htt | tmdb: $3500000",wikipedia+tmdb,France; Belgium,True,Petit Film; Rouge International; Frakas Productions; Ezekiel Film Production; Wild Bunch (company); Wild Bunch,wikipedia:studio,,Wild Bunch (France); O Brother Distribution (Belgium),https://en.wikipedia.org/wiki/Raw_(film),https://www.wikidata.org/wiki/Q21427355,https://www.themoviedb.org/movie/393519,no budget text
Bergman Island,2021,A,"no major studio; budget $7.5M in today's money, tmdb (< $35M)",high,,7475000,,7474999.999999999,False,tmdb: $6500000,tmdb,France; Mexico; Brazil; Germany; Sweden; Belgium; United Kingdom,True,CG Cinéma; Neue Bioskop Film; Scope Pictures; Plattform Produktion; Piano (company); Piano; Arte France Cinéma; RT Features; Dauphin Films; Talipot Studio; Scope Invest,wikipedia:studio,,TriArt Film (Sweden); Les Films du Losange (France); Weltkino Filmverleih (Germany); Cinépolis; Cinépolis Distribución (Mexico); Pandora Filmes (Brazil),https://en.wikipedia.org/wiki/Bergman_Island_(2021_film),https://www.wikidata.org/wiki/Q59065557,https://www.themoviedb.org/movie/477044,no budget text
R.M.N.,2022,A,"no major studio; budget $3.5M in today's money, wikipedia (< $35M)",high,,3477600,3477599.9999999995,,False,"wikipedia: €2.8 million<ref name=""fne"">{{cite news|url=https://www.film",wikipedia,Romania; France; Belgium,True,Mobra Films; Why Not Productions; France 3 Cinéma; Les Films du Fleuve; Film i Väst,wikipedia:studio,,Voodoo Films (Romania); Le Pacte (France),https://en.wikipedia.org/wiki/R.M.N.,https://www.wikidata.org/wiki/Q111633274,https://www.themoviedb.org/movie/919570,no budget text
2046,2004,A,"no major studio; budget $19.2M in today's money, avg of 2 sources (< $35M)",high,,19200000,19200000.0,19200000.0,False,wikipedia: US$12 million<ref name=boxofficetotal/> | tmdb: $12000000,wikipedia+tmdb,Hong Kong; People's Republic of China; France; Italy; Germany,True,Jet Tone Productions; Block 2 Pictures; Paradis Films; Orly Films; Classic SRL; Shanghai Film Group; Shanghai Film Corporation; Arte France Cinéma; France 3 Cinéma; ZDF; ZDF-Arte,wikipedia:studio,,Mei Ah Entertainment; 20th Century Fox (Hong Kong); Océan Films (France); Istituto Luce (Italy); Prokino Filmverleih (Germany),https://en.wikipedia.org/wiki/2046_(film),https://www.wikidata.org/wiki/Q164702,https://www.themoviedb.org/movie/844,no budget text
Happy Together,1997,A,"no major studio; budget $0.2M in today's money, tmdb (< $35M)",high,,250000,,250000.0,False,tmdb: $125000,tmdb,Hong Kong,True,Jet Tone Production; Block 2 Pictures; Seowoo Film Company; Prénom H Co. Ltd,wikipedia:studio,,Golden Harvest Company,https://en.wikipedia.org/wiki/Happy_Together_(1997_film),https://www.wikidata.org/wiki/Q1204213,https://www.themoviedb.org/movie/18329,no budget text
C'mon C'mon,2021,A,"no major studio; budget $9.5M in today's money, avg of 2 sources (< $35M)",high,,9545000,9545000.0,9545000.0,False,wikipedia: $8.3 million<ref name=NOLA>{{cite web|url=https://www.nola.c | tmdb: $8300000,wikipedia+tmdb,United States,False,Be Funny When You Can,wikipedia:studio,,A24,https://en.wikipedia.org/wiki/C'mon_C'mon_(film),https://www.wikidata.org/wiki/Q73537113,https://www.themoviedb.org/movie/632617,no budget text
Anatomy of a Murder,1959,H,"US film before 1980, major as distributor and so its financier: Columbia Pictures (Sony)",medium,,18000000,18000000.0,18000000.0,False,"wikipedia: $2 million<ref name=wall>{{cite magazine |date = November 7, | tmdb: $2000000",wikipedia+tmdb,United States,False,Carlyle Productions,wikipedia:studio,Sony,Columbia Pictures,https://en.wikipedia.org/wiki/Anatomy_of_a_Murder,https://www.wikidata.org/wiki/Q488376,https://www.themoviedb.org/movie/93,
Hannah and Her Sisters,1986,A,"no major studio; budget $19.2M in today's money, avg of 2 sources (< $35M)",high,,19200000,19200000.0,19200000.0,False,wikipedia: $6.4 million | tmdb: $6400000,wikipedia+tmdb,United States,False,A Jack Rollins and Charles H. Joffe Production,wikipedia:studio,,Orion Pictures,https://en.wikipedia.org/wiki/Hannah_and_Her_Sisters,https://www.wikidata.org/wiki/Q845057,https://www.themoviedb.org/movie/5143,no budget text
Alice in Borderland,2014,?,no matching film found in any source,none,,,,,False,,,,,,,,,,,,
May,2002,A,"no major studio; budget $1.8M in today's money, avg of 2 sources (< $35M)",high,,1760000,2720000.0,800000.0,False,"wikipedia: $1.7 million<ref name=""Numbers"">{{cite web|url=https://www.t | tmdb: $500000",wikipedia+tmdb,United States,False,2 Loop Films,wikipedia:studio,,Lionsgate Films; Lions Gate Films,https://en.wikipedia.org/wiki/May_(film),https://www.wikidata.org/wiki/Q648417,https://www.themoviedb.org/movie/10894,no budget text
The Double Life of Véronique,1991,A,no major studio; no budget figure found (rule: treat as A),low,,,,,False,,,France; Poland; Norway,True,"Sidéral Productions; Zespól Filmowy ""X""; Studio Tor; Le Studio Canal+; Norsk Film",wikipedia:studio,,Sidéral Films (France),https://en.wikipedia.org/wiki/The_Double_Life_of_Veronique,https://www.wikidata.org/wiki/Q1130211,https://www.themoviedb.org/movie/1600,no budget text
Young Frankenstein,1974,H,"US film before 1980, major as distributor and so its financier: 20th Century Fox (Disney/Fox)",medium,,15345000,15290000.0,15400000.0,False,wikipedia: $2.78 million<ref>{{cite book |last=Solomon |first=Aubrey |t | tmdb: $2800000,wikipedia+tmdb,United States,False,"Gruskoff/Venture Films; Crossbow Productions, Inc; Jouer Limited",wikipedia:studio,Disney/Fox,20th Century Fox,https://en.wikipedia.org/wiki/Young_Frankenstein,https://www.wikidata.org/wiki/Q651923,https://www.themoviedb.org/movie/3034,
War and Peace,2016,?,no matching film found in any source,none,,,,,False,,,,,,,,,,,,
Hidden Agenda,1990,A,"no major studio; budget $7.6M in today's money, wikipedia (< $35M)",high,,7620000,7620000.0,,False,"wikipedia: £3 million<ref name=""org"">{{cite web|url=https://www2.bfi.or",wikipedia,United Kingdom,True,Initial (II); Hemdale,tmdb,,Hemdale Film Corporation,https://en.wikipedia.org/wiki/Hidden_Agenda_(1990_film),https://www.wikidata.org/wiki/Q950723,https://www.themoviedb.org/movie/47869,no budget text
Trick 'r Treat,2007,A,"no major studio; budget $19.2M in today's money, avg of 2 sources (< $35M)",high,,19200000,19200000.0,19200000.0,False,wikipedia: $12 million<ref name=complex>{{cite web|last=Barone |first=M | tmdb: $12000000,wikipedia+tmdb,United States; Canada,False,Legendary Pictures; Bad Hat Harry Productions,wikipedia:studio,,Warner Bros. Pictures,https://en.wikipedia.org/wiki/Trick_'r_Treat,https://www.wikidata.org/wiki/Q1686936,https://www.themoviedb.org/movie/23202,no budget text
"Blind Willow, Sleeping Woman",2022,A,"no major studio; budget $7.9M in today's money, tmdb (< $35M)",high,,7935000,,7934999.999999999,False,tmdb: $6900000,tmdb,France; Luxembourg; Canada; Netherlands,True,Miyu Productions; Cinéma Defacto; Doghouse Films; micro_scope; Productions L Unité Centrale; An Original Picture; Studio MA; Arte France Cinéma; Auvergne-Rhône-Alpes Cinéma,wikipedia:studio,,Gébéka Films; Maïson 4:3,"https://en.wikipedia.org/wiki/Blind_Willow,_Sleeping_Woman_(film)",https://www.wikidata.org/wiki/Q113635030,https://www.themoviedb.org/movie/678299,no budget text
We Own This City,2022,?,no matching film found in any source,none,,,,,False,,,,,,,,,,,,
Lady Bird,2017,A,"no major studio; budget $13.0M in today's money, avg of 2 sources (< $35M)",high,,13000000,13000000.0,13000000.0,False,wikipedia: $10&nbsp;million<ref>{{cite web|url=https://www.hollywoodrep | tmdb: $10000000,wikipedia+tmdb,United States,False,Scott Rudin Productions; Management 360; IAC Films,wikipedia:studio,,A24 (United States and Canada); Focus Features (International; through Universal Pictures),https://en.wikipedia.org/wiki/Lady_Bird_(film),https://www.wikidata.org/wiki/Q27480769,https://www.themoviedb.org/movie/391713,no budget text
A Prophet,2009,A,"no major studio; budget $20.8M in today's money, avg of 2 sources (< $35M)",high,,20800000,20800000.0,20800000.0,False,wikipedia: $13 million<ref name=bom/> | tmdb: $13000000,wikipedia+tmdb,France; Italy,True,Why Not Productions; Chic Films; Page 114; France 2 Cinéma; UGC Images; BIM Distribuzione; Celluloid Dreams,wikipedia:studio,,UGC (cinema operator); UGC Distribution (France); BiM Distribuzione (Italy),https://en.wikipedia.org/wiki/A_Prophet,https://www.wikidata.org/wiki/Q1061541,https://www.themoviedb.org/movie/21575,no budget text
Slow West,2015,A,"no major studio; budget $2.6M in today's money, tmdb (< $35M)",high,,2600000,,2600000.0,False,tmdb: $2000000,tmdb,United Kingdom; New Zealand,True,DMC Film; Film4 Productions; Film4; New Zealand Film Commission; See-Saw Films,wikipedia:studio,,Lionsgate UK; Lionsgate (United Kingdom); Transmission Films; Madman Entertainment (New Zealand),https://en.wikipedia.org/wiki/Slow_West,https://www.wikidata.org/wiki/Q15427353,https://www.themoviedb.org/movie/223485,no budget text
McCabe & Mrs. Miller,1971,H,"US film before 1980, major as distributor and so its financier: Warner Bros Pictures (Warner)",medium,,,,,False,,,United States,False,David Foster Productions,wikipedia:studio,Warner,Warner Bros. Pictures,https://en.wikipedia.org/wiki/McCabe_&_Mrs._Miller,https://www.wikidata.org/wiki/Q1423362,https://www.themoviedb.org/movie/29005,
My Own Private Idaho,1991,H,major studio: New Line Cinema (Warner),high,Warner,5000000,5000000.0,5000000.0,False,wikipedia: $2.5 million | tmdb: $2500000,wikipedia+tmdb,United States,False,New Line Cinema,wikidata:P272,,Fine Line Features,https://en.wikipedia.org/wiki/My_Own_Private_Idaho,https://www.wikidata.org/wiki/Q1125451,https://www.themoviedb.org/movie/468,
To Die For,1995,H,major studio: Columbia Pictures (Sony),high,Sony,40000000,40000000.0,40000000.0,False,wikipedia: $20 million<ref name=numbers/> | tmdb: $20000000,wikipedia+tmdb,United Kingdom; United States,False,Columbia Pictures; Rank Organisation; Rank Film Distributors; Laura Ziskin Productions,wikipedia:studio,,Sony Pictures Releasing (North America) (United Kingdom),https://en.wikipedia.org/wiki/To_Die_For,https://www.wikidata.org/wiki/Q590701,https://www.themoviedb.org/movie/577,
Judas and the Black Messiah,2021,A,"no major studio; budget $29.9M in today's money, avg of 2 sources (< $35M)",medium,,29900000,29899999.999999996,29899999.999999996,False,"wikipedia: $26 million<ref name=""Variety-Dec20""/> | tmdb: $26000000",wikipedia+tmdb,United States,False,MACRO; Participant (company); Participant; Bron Studios; Bron Creative; Proximity Media,wikipedia:studio,,Warner Bros. Pictures,https://en.wikipedia.org/wiki/Judas_and_the_Black_Messiah,https://www.wikidata.org/wiki/Q73536766,https://www.themoviedb.org/movie/583406,no budget text
Red Rock West,1993,A,"no major studio; budget $15.0M in today's money, avg of 2 sources (< $35M)",high,,15000000,14000000.0,16000000.0,False,wikipedia: $7 million | tmdb: $8000000,wikipedia+tmdb,United States,False,Propaganda Films; PolyGram Filmed Entertainment,wikipedia:studio,,Roxie Theater; Roxie Releasing (United States); PolyGram Filmed Entertainment (International),https://en.wikipedia.org/wiki/Red_Rock_West,https://www.wikidata.org/wiki/Q1518218,https://www.themoviedb.org/movie/10427,no budget text
The Eight Mountains,2022,A,no major studio; no budget figure found (rule: treat as A),low,,,,,False,,,France; Italy; Belgium; United Kingdom,True,Wildside; Rufus; Menuetto; Pyramide Productions; Vision Distribution,wikipedia:studio,,Vision Distribution (Italy); Kinepolis Film Distribution (Belgium); Pyramide Films (France),https://en.wikipedia.org/wiki/The_Eight_Mountains,https://www.wikidata.org/wiki/Q111751446,https://www.themoviedb.org/movie/803700,no budget text
Women Talking,2022,A,"no major studio; budget $23.0M in today's money, avg of 2 sources (< $35M)",high,,23000000,23000000.0,23000000.0,False,wikipedia: $20 million | tmdb: $20000000,wikipedia+tmdb,United States,False,Orion Pictures; Plan B Entertainment; Hear/Say Productions,wikipedia:studio,,United Artists Releasing,https://en.wikipedia.org/wiki/Women_Talking_(film),https://www.wikidata.org/wiki/Q108030443,https://www.themoviedb.org/movie/777245,no budget text
The Mauritanian,2021,A,no major studio; no budget figure found (rule: treat as A),low,,,,,False,,,United States; United Kingdom,False,30West; Topic Studios; BBC Film; Black Sheep Pictures; Convergent Media; Oak Street Films; SunnyMarch; Wonder Street,wikipedia:studio,,STX Entertainment; STXfilms,https://en.wikipedia.org/wiki/The_Mauritanian,https://www.wikidata.org/wiki/Q83726435,https://www.themoviedb.org/movie/644583,no budget text
Sick of Myself,2022,A,no major studio; no budget figure found (rule: treat as A),low,,,,,False,,,Norway; Sweden,True,Oslo Pictures; Film i Väst,wikipedia:studio,,Scandinavian Film Distribution (Norway),https://en.wikipedia.org/wiki/Sick_of_Myself_(film),https://www.wikidata.org/wiki/Q114000704,https://www.themoviedb.org/movie/788734,no budget text
The Wonderful Story of Henry Sugar,2023,A,"no major studio; budget $4.6M in today's money, tmdb (< $35M)",high,,4600000,,4600000.0,False,tmdb: $4000000,tmdb,United States,False,Indian Paintbrush (company); Indian Paintbrush; American Empirical Pictures,wikipedia:studio,,Netflix,https://en.wikipedia.org/wiki/The_Wonderful_Story_of_Henry_Sugar_(film),https://www.wikidata.org/wiki/Q110519496,https://www.themoviedb.org/movie/923939,no budget text
The Return of Martin Guerre,1982,A,"no major studio; budget $11.1M in today's money, tmdb (< $35M)",high,,11113299,,11113299.0,False,tmdb: $3704433,tmdb,France,True,SFP; Productions Marcel Dassault; FR3,tmdb,,European International,https://en.wikipedia.org/wiki/The_Return_of_Martin_Guerre,https://www.wikidata.org/wiki/Q1217549,https://www.themoviedb.org/movie/4483,no budget text
A Woman Under the Influence,1974,A,"no major studio; budget $5.5M in today's money, avg of 2 sources (< $35M)",high,,5500000,5500000.0,5500000.0,False,wikipedia: $1 million | tmdb: $1000000,wikipedia+tmdb,United States,False,Faces International Films,wikipedia:studio,,Faces Distribution,https://en.wikipedia.org/wiki/A_Woman_Under_the_Influence,https://www.wikidata.org/wiki/Q1306380,https://www.themoviedb.org/movie/29845,no budget text
Streetwise,1984,A,no major studio; no budget figure found (rule: treat as A),low,,,,,False,,,United States,False,Bear Creek; Angelika Films,tmdb,,Angelika Films,https://en.wikipedia.org/wiki/Streetwise_(1984_film),https://www.wikidata.org/wiki/Q12128421,https://www.themoviedb.org/movie/42098,no budget text
"To Wong Foo, Thanks for Everything! Julie Newmar",1995,H,major studio: Universal Pictures (Universal),high,Universal,60000000,60000000.0,,False,wikipedia: $30 million{{sfn|Busch|1995|p=48}},wikipedia,United States,False,Universal Pictures,wikipedia:studio,,Universal Pictures,"https://en.wikipedia.org/wiki/To_Wong_Foo,_Thanks_for_Everything!_Julie_Newmar",https://www.wikidata.org/wiki/Q1759260,https://www.themoviedb.org/movie/9090,
The Hour of the Pig,1993,A,no major studio; no budget figure found (rule: treat as A),low,,,,,False,,,United Kingdom; France,True,Miramax Films; BBC Films; Ciby 2000; CiBy 2000,wikipedia:studio,,Mayfair Entertainment (United Kingdom); CiBy 2000 (France),https://en.wikipedia.org/wiki/The_Hour_of_the_Pig,https://www.wikidata.org/wiki/Q7740486,https://www.themoviedb.org/movie/70912,no budget text
Priscilla,2023,A,"no major studio; budget $23.0M in today's money, avg of 2 sources (< $35M)",high,,23000000,23000000.0,23000000.0,False,"wikipedia: <!--DO NOT ADD A LESS THAN SYMBOL ""<"" PER THE TEMPLATE-->$20 | tmdb: $20000000",wikipedia+tmdb,United States; Italy,False,Fremantle (company); Fremantle; American Zoetrope; The Apartment (production company); The Apartment Pictures,wikipedia:studio,,A24,https://en.wikipedia.org/wiki/Priscilla_(film),https://www.wikidata.org/wiki/Q115115152,https://www.themoviedb.org/movie/1020006,no budget text
Veronika Voss,1982,A,no major studio; no budget figure found (rule: treat as A),low,,,,,False,,,Germany,True,Laura Film; Tango Film; Rialto Film; Trio Film; Maran Film; Süddeutscher Rundfunk,wikipedia:studio,,Filmverlag der Autoren,https://en.wikipedia.org/wiki/Veronika_Voss,https://www.wikidata.org/wiki/Q703188,https://www.themoviedb.org/movie/2262,no budget text
The Taste of Things,2023,A,"no major studio; budget $7.5M in today's money, tmdb (< $35M)",high,,7475000,,7474999.999999999,False,tmdb: $6500000,tmdb,France,True,Curiosa Films; Gaumont; France 2 Cinéma; Umedia,wikipedia:studio,,Gaumont,https://en.wikipedia.org/wiki/The_Taste_of_Things,https://www.wikidata.org/wiki/Q110953025,https://www.themoviedb.org/movie/964960,no budget text
Tokyo Story,1953,A,no major studio; no budget figure found (rule: treat as A),low,,,,,False,,,Japan,True,Shochiku,wikipedia:studio,,Shochiku,https://en.wikipedia.org/wiki/Tokyo_Story,https://www.wikidata.org/wiki/Q26060,https://www.themoviedb.org/movie/18148,no budget text
The Cremator,1969,A,no major studio; no budget figure found (rule: treat as A),low,,,,,False,,,Czechoslovakia,True,Barrandov Studios,wikipedia:studio,,Central Office of Film Distribution,https://en.wikipedia.org/wiki/The_Cremator,https://www.wikidata.org/wiki/Q3178853,https://www.themoviedb.org/movie/18352,no budget text
The Innocents,1961,H,major studio: 20th Century Fox (Disney/Fox),high,Disney/Fox,3660375,4095750.0,3225000.0,False,"wikipedia: £430,000{{sfn|Walker|1974|p=163}} | tmdb: $430000",wikipedia+tmdb,United Kingdom,True,20th Century Fox,wikipedia:studio,,20th Century Fox,https://en.wikipedia.org/wiki/The_Innocents_(1961_film),https://www.wikidata.org/wiki/Q666082,https://www.themoviedb.org/movie/16372,
Phantom of the Paradise,1974,H,"US film before 1980, major as distributor and so its financier: 20th Century Fox (Disney/Fox)",medium,,7150000,7150000.0,7150000.0,False,wikipedia: $1.3 million | tmdb: $1300000,wikipedia+tmdb,United States,False,Harbor Productions,wikipedia:studio,Disney/Fox,20th Century Fox,https://en.wikipedia.org/wiki/Phantom_of_the_Paradise,https://www.wikidata.org/wiki/Q1170086,https://www.themoviedb.org/movie/27327,
Santa Sangre,1989,A,"no major studio; budget $2.4M in today's money, avg of 2 sources (< $35M)",high,,2361000,2361000.0,2361000.0,False,"wikipedia: $787,000 | tmdb: $787000",wikipedia+tmdb,Mexico,True,Productora Fílmica Real; Produzioni Intersound,tmdb,,Mainline Pictures; Expanded Entertainment,https://en.wikipedia.org/wiki/Santa_Sangre,https://www.wikidata.org/wiki/Q612035,https://www.themoviedb.org/movie/19236,no budget text
Hour of the Wolf,1968,A,no major studio; no budget figure found (rule: treat as A),low,,,,,False,,,Sweden,True,Svensk Filmindustri,wikipedia:studio,,Svensk Filmindustri,https://en.wikipedia.org/wiki/Hour_of_the_Wolf,https://www.wikidata.org/wiki/Q918111,https://www.themoviedb.org/movie/18333,no budget text
"I'm a Cyborg, But That's OK",2006,A,"no major studio; budget $4.8M in today's money, wikipedia (< $35M)",high,,4800000,4800000.0,,False,wikipedia: {{USD|3 million|long=no}},wikipedia,South Korea,True,Moho Film,wikidata:P272,,CJ Entertainment,"https://en.wikipedia.org/wiki/I'm_a_Cyborg,_But_That's_OK",https://www.wikidata.org/wiki/Q485677,https://www.themoviedb.org/movie/5488,no budget text
Thirst,2009,A,"no major studio; budget $8.0M in today's money, avg of 2 sources (< $35M)",high,,8000000,8000000.0,8000000.0,False,wikipedia: {{USD|5 million|long=no}}<ref>{{cite web |url=https://www.im | tmdb: $5000000,wikipedia+tmdb,South Korea,True,CJ ENM Entertainment Division; Moho Films,wikipedia:studio,,Focus Features (United States),https://en.wikipedia.org/wiki/Thirst_(2009_film),https://www.wikidata.org/wiki/Q483780,https://www.themoviedb.org/movie/22536,no budget text
Sans Soleil,1983,A,no major studio; no budget figure found (rule: treat as A),low,,,,,False,,,France,True,Argos films,tmdb,,Argos Films,https://en.wikipedia.org/wiki/Sans_Soleil,https://www.wikidata.org/wiki/Q290796,https://www.themoviedb.org/movie/1563,no budget text
La Jetée,1962,A,no major studio; no budget figure found (rule: treat as A),low,,,,,False,,,France,True,Argos Films,wikipedia:studio,,Argos Films,https://en.wikipedia.org/wiki/La_Jetée,https://www.wikidata.org/wiki/Q451434,https://www.themoviedb.org/movie/662,no budget text
Martin,1977,A,"no major studio; budget $1.4M in today's money, avg of 2 sources (< $35M)",high,,1375000,1375000.0,1375000.0,False,"wikipedia: $250,000{{sfn|Romero|2011|p=60}} | tmdb: $250000",wikipedia+tmdb,United States,False,Richard P. Rubinstein#Laurel Entertainment; Laurel Productions; Braddock Associates,wikipedia:studio,,Ben Barenholtz#Libra Films; Libra Films,https://en.wikipedia.org/wiki/Martin_(1977_film),https://www.wikidata.org/wiki/Q1903317,https://www.themoviedb.org/movie/26517,no budget text
Shoah,1985,A,no major studio; no budget figure found (rule: treat as A),low,,,,,False,,,France,True,Historia; Les Films Aleph; Ministère de la culture,tmdb,,New Yorker Films,https://en.wikipedia.org/wiki/Shoah_(film),https://www.wikidata.org/wiki/Q1720765,https://www.themoviedb.org/movie/42044,no budget text
Birdy,1984,H,"no major studio, but budget $36.0M in today's money, avg of 2 sources (> $35M)",medium,,36000000,36000000.0,36000000.0,False,"wikipedia: $12 million<ref name= ""TCM"">{{cite web| website  = Turner Cl | tmdb: $12000000",wikipedia+tmdb,United States,False,A&M Records; A&M Films; Delphi III Productions,wikipedia:studio,,TriStar Pictures; Tri-Star Pictures,https://en.wikipedia.org/wiki/Birdy_(film),https://www.wikidata.org/wiki/Q700725,https://www.themoviedb.org/movie/11296,no budget text
Mephisto,1981,A,no major studio; no budget figure found (rule: treat as A),low,,,,,False,,,Austria; Germany; Hungary,True,Mafilm; Objektív Film; Manfred Durniok Filmproduktion; Hessischer Rundfunk; ORF (broadcaster); ORF,wikipedia:studio,,Analysis Film Releasing Corporation (U.S.),https://en.wikipedia.org/wiki/Mephisto_(1981_film),https://www.wikidata.org/wiki/Q314418,https://www.themoviedb.org/movie/11911,no budget text
And the Ship Sails On,1983,A,no major studio; no budget figure found (rule: treat as A),low,,,,,False,,,France; Italy,True,Societa Investimenti Milanese (S.I.M.); Gaumont; RAI; Vides Cinematografica,tmdb,,Gaumont Distribution,https://en.wikipedia.org/wiki/And_the_Ship_Sails_On,https://www.wikidata.org/wiki/Q18437,https://www.themoviedb.org/movie/5622,no budget text
All of Us Strangers,2023,A,"no major studio; budget $5.8M in today's money, tmdb (< $35M)",high,,5750000,,5750000.0,False,tmdb: $5000000,tmdb,United Kingdom,True,Blueprint Pictures; Film4 Productions,wikipedia:studio,,Searchlight Pictures,https://en.wikipedia.org/wiki/All_of_Us_Strangers,https://www.wikidata.org/wiki/Q113516747,https://www.themoviedb.org/movie/994108,no budget text
Moonlighting,1982,A,"no major studio; budget $2.3M in today's money, wikipedia (< $35M)",high,,2270760,2270760.0,,False,"wikipedia: £596,000<ref name=""org"">{{cite web|url=https://www2.bfi.org.",wikipedia,United Kingdom; Australia,True,Michael White Productions; Channel Four Films,wikipedia:studio,,Miracle Films,https://en.wikipedia.org/wiki/Moonlighting_(film),https://www.wikidata.org/wiki/Q2364520,https://www.themoviedb.org/movie/42134,no budget text
Blind Chance,1987,A,no major studio; no budget figure found (rule: treat as A),low,,,,,False,,,Poland,True,TOR film studio,wikidata:P272,,Przedsiebiorstwo Dystrybucji Filmów,https://en.wikipedia.org/wiki/Blind_Chance,https://www.wikidata.org/wiki/Q1198219,https://www.themoviedb.org/movie/127,no budget text
The Friends of Eddie Coyle,1973,H,major studio: Paramount Pictures (Paramount),high,Paramount,16500000,16500000.0,,False,wikipedia: $3 million,wikipedia,United States,False,Paramount Pictures,wikidata:P272,,Paramount Pictures,https://en.wikipedia.org/wiki/The_Friends_of_Eddie_Coyle,https://www.wikidata.org/wiki/Q2184262,https://www.themoviedb.org/movie/25680,
No Other Land,2024,A,no major studio; no budget figure found (rule: treat as A),low,,,,,False,,,Norway,True,Yabayay Media; Antipode films,wikipedia:studio,,,https://en.wikipedia.org/wiki/No_Other_Land,https://www.wikidata.org/wiki/Q124440294,https://www.themoviedb.org/movie/1232493,no budget text
Perfect Days,2023,A,"no major studio; budget $16.1M in today's money, tmdb (< $35M)",high,,16100000,,16099999.999999998,False,tmdb: $14000000,tmdb,Japan; Germany,True,Master Mind; Spoon; Wenders Images,wikipedia:studio,,DCM (Germany); Bitters End (Japan),https://en.wikipedia.org/wiki/Perfect_Days,https://www.wikidata.org/wiki/Q117663112,https://www.themoviedb.org/movie/976893,no budget text
Pickpocket,1959,A,no major studio; no budget figure found (rule: treat as A),low,,,,,False,,,France,True,Lux Compagnie Cinématographique de France,tmdb,,Netflix,https://en.wikipedia.org/wiki/Pickpocket_(film),https://www.wikidata.org/wiki/Q664726,https://www.themoviedb.org/movie/690,no budget text
Incendies,2010,A,"no major studio; budget $8.6M in today's money, avg of 2 sources (< $35M)",high,,8645000,8450000.0,8840000.0,False,"wikipedia: $6.5 million<ref name=""Gazette"">{{cite news |date=1 March 20 | tmdb: $6800000",wikipedia+tmdb,Canada; France,True,micro_scope,wikipedia:studio,,Entertainment One,https://en.wikipedia.org/wiki/Incendies,https://www.wikidata.org/wiki/Q1212650,https://www.themoviedb.org/movie/46738,no budget text
Polytechnique,2009,A,"no major studio; budget $9.6M in today's money, wikipedia (< $35M)",high,,9600000,9600000.0,,False,wikipedia: $6 million,wikipedia,Canada,True,Remcorp,wikidata:P272,,Alliance Films; Remstar; Wild Bunch,https://en.wikipedia.org/wiki/Polytechnique_(film),https://www.wikidata.org/wiki/Q2053630,https://www.themoviedb.org/movie/22302,no budget text
Challengers,2024,H,major studio: Metro-Goldwyn-Mayer (Amazon MGM),high,Amazon MGM,55000000,55000000.0,55000000.0,False,wikipedia: $55 million<ref name=Variety-Proj/> | tmdb: $55000000,wikipedia+tmdb,United States,False,Metro-Goldwyn-Mayer; Pascal Pictures; Frenesy Film Company; Why Are You Acting?,wikipedia:studio,,Amazon MGM Studios (United States); Warner Bros. Pictures (International),https://en.wikipedia.org/wiki/Challengers_(film),https://www.wikidata.org/wiki/Q111458251,https://www.themoviedb.org/movie/937287,
Evil Does Not Exist,2023,A,no major studio; no budget figure found (rule: treat as A),low,,,,,False,,,Japan,True,NEOPA Inc,wikipedia:studio,,Incline,https://en.wikipedia.org/wiki/Evil_Does_Not_Exist,https://www.wikidata.org/wiki/Q120897557,https://www.themoviedb.org/movie/1156125,no budget text
Maniac,2018,A,"no major studio; budget $0.5M in today's money, wikipedia (< $35M)",high,,455000,455000.0,,False,"wikipedia: $350,000<ref name=numbers>{{cite web|url=https://the-numbers",wikipedia,United States,False,Magnum Motion Pictures Inc,wikipedia:studio,,Analysis Film Releasing Corporation,https://en.wikipedia.org/wiki/Maniac_(1980_film),,https://www.themoviedb.org/movie/1097949,no budget text
The Seed of the Sacred Fig,2024,A,"no major studio; budget $3.0M in today's money, tmdb (< $35M)",high,,3000000,,3000000.0,False,tmdb: $3000000,tmdb,Germany; France; Iran,True,Run Way Pictures; Parallel45; Arte France Cinéma,wikipedia:studio,,Pyramide Distribution (France); Alamode Film (Germany),https://en.wikipedia.org/wiki/The_Seed_of_the_Sacred_Fig,https://www.wikidata.org/wiki/Q125563776,https://www.themoviedb.org/movie/1278263,no budget text
A Scanner Darkly,2006,A,"no major studio; budget $13.9M in today's money, avg of 2 sources (< $35M)",high,,13920000,13920000.0,13920000.0,False,"wikipedia: $8.7 million<ref name=""lafranco"" /> | tmdb: $8700000",wikipedia+tmdb,United States,False,Thousand Words; Section Eight Productions; Section Eight; Detour Filmproduction; 3 Arts Entertainment,wikipedia:studio,,Warner Independent Pictures,https://en.wikipedia.org/wiki/A_Scanner_Darkly_(film),https://www.wikidata.org/wiki/Q300547,https://www.themoviedb.org/movie/3509,no budget text
The Lady from Shanghai,1947,H,"US film before 1980, major as distributor and so its financier: Columbia Pictures (Sony)",medium,,23000000,,23000000.0,False,tmdb: $2300000,tmdb,United States,False,Mercury Theatre; Mercury Productions,wikipedia:studio,Sony,Columbia Pictures,https://en.wikipedia.org/wiki/The_Lady_from_Shanghai,https://www.wikidata.org/wiki/Q1214303,https://www.themoviedb.org/movie/3766,
Chimes at Midnight,1965,A,"no major studio; budget $6.0M in today's money, avg of 2 sources (< $35M)",high,,6000000,6000000.0,6000000.0,False,"wikipedia: $800,000 | tmdb: $800000",wikipedia+tmdb,Spain; Switzerland; France,True,Internacional Films Española; Alpine Productions,wikipedia:studio,,Brepi Films (Spain); CFDC (France & Switzerland),https://en.wikipedia.org/wiki/Chimes_at_Midnight,https://www.wikidata.org/wiki/Q2529482,https://www.themoviedb.org/movie/986,no budget text
Overheard,2009,A,"no major studio; budget $16.0M in today's money, wikipedia (< $35M)",high,,16000000,16000000.0,,False,"wikipedia: US$5–10 million<ref name=""The Film Catalogue"">{{cite web|url",wikipedia,Hong Kong,True,Sil-Metropole Organisation; Pop Movies; Polybona Films; Bona International Film Group,wikipedia:studio,,Distribution Workshop,https://en.wikipedia.org/wiki/Overheard_(film),https://www.wikidata.org/wiki/Q1055695,https://www.themoviedb.org/movie/24889,no budget text
Problemista,2023,A,"no major studio; budget $13.8M in today's money, tmdb (< $35M)",high,,13800000,,13799999.999999998,False,tmdb: $12000000,tmdb,United States,False,Fruit Tree (company); Fruit Tree,wikipedia:studio,,A24,https://en.wikipedia.org/wiki/Problemista,https://www.wikidata.org/wiki/Q116692764,https://www.themoviedb.org/movie/852247,no budget text
Hunger,2008,A,no major studio; no budget figure found (rule: treat as A),low,,,,,False,,,United Kingdom; Ireland,True,Film4 Productions; Film4; Channel 4; Northern Ireland Screen; Broadcasting Commission of Ireland; Wales Creative IP Fund,wikipedia:studio,,Pathé; Pathé Distribution,https://en.wikipedia.org/wiki/Hunger_(2008_film),https://www.wikidata.org/wiki/Q1637811,https://www.themoviedb.org/movie/10360,no budget text
The Deer Hunter,1978,H,"US film before 1980, major as distributor and so its financier: Universal Pictures (Universal)",medium,,82500000,82500000.0,82500000.0,False,"wikipedia: $15 million<ref name=""BOM"">{{cite web
| access-date     = Oc | tmdb: $15000000",wikipedia+tmdb,United States,False,EMI Films,wikipedia:studio,Universal,Universal Pictures,https://en.wikipedia.org/wiki/The_Deer_Hunter,https://www.wikidata.org/wiki/Q201674,https://www.themoviedb.org/movie/11778,
Revenge,2017,A,"no major studio; budget $3.8M in today's money, avg of 2 sources (< $35M)",high,,3835000,3900000.0,3770000.0,False,wikipedia: $2.9{{endash}}3 million | tmdb: $2900000,wikipedia+tmdb,France; Belgium,True,Charades; MES Productions; Monkey Pack Films; Logical Pictures; Nexus Factory; Umedia; uFund; Canal+ (French TV channel); Canal+; Ciné+ OCS; Ciné+; Cinémage 12,wikipedia:studio,,Rezo Films,https://en.wikipedia.org/wiki/Revenge_(2017_film),https://www.wikidata.org/wiki/Q39073132,https://www.themoviedb.org/movie/467938,no budget text
Tokyo Sonata,2008,A,"no major studio; budget $3.6M in today's money, avg of 2 sources (< $35M)",high,,3600000,4000000.0,3200000.0,False,"wikipedia: $2,500,000<ref>{{Cite web|url=https://www.imdb.com/title/tt0 | tmdb: $2000000",wikipedia+tmdb,Japan,True,Nikkatsu Corporation; Fortissimo Films; Hakuhodo DY Media Partners; Django Film; Tokyo Laboratory; avex pictures; Entertainment Farm,tmdb,,Netflix,https://en.wikipedia.org/wiki/Tokyo_Sonata,https://www.wikidata.org/wiki/Q1368350,https://www.themoviedb.org/movie/8937,no budget text
Chime,2024,A,no major studio; no budget figure found (rule: treat as A),low,,,,,False,,,Japan,True,Sunborn Inc; C&I Entertainment Inc,wikipedia:studio,,Roadstead,https://en.wikipedia.org/wiki/Chime_(film),https://www.wikidata.org/wiki/Q124355779,https://www.themoviedb.org/movie/1219556,no budget text
Peeping Tom,1960,A,"no major studio; budget $1.2M in today's money, avg of 2 sources (< $35M)",high,,1197789,1270577.85,1125000.0,False,"wikipedia: £133,394<ref name=""money"">{{cite book |last=Chapman |first=J | tmdb: $150000",wikipedia+tmdb,United Kingdom,True,Michael Powell (Theatre),wikipedia:studio,,Anglo-Amalgamated; Anglo-Amalgamated Film Distributors,https://en.wikipedia.org/wiki/Peeping_Tom_(1960_film),https://www.wikidata.org/wiki/Q478395,https://www.themoviedb.org/movie/11167,no budget text
The Puppetmaster,1993,A,no major studio; no budget figure found (rule: treat as A),low,,,,,False,,,Taiwan,True,Qiu Fusheng; ERA; Nian Dai International,tmdb,,Netflix,https://en.wikipedia.org/wiki/The_Puppetmaster_(film),https://www.wikidata.org/wiki/Q711170,https://www.themoviedb.org/movie/96712,no budget text
Hoop Dreams,1994,A,"no major studio; budget $1.4M in today's money, avg of 2 sources (< $35M)",high,,1400000,1400000.0,1400000.0,False,"wikipedia: $700,000<ref>{{cite news |url=https://www.the-numbers.com/mo | tmdb: $700000",wikipedia+tmdb,United States,False,Kartemquin Films,wikipedia:studio,,Fine Line Features (United States); Capitol Films (Overseas),https://en.wikipedia.org/wiki/Hoop_Dreams,https://www.wikidata.org/wiki/Q511914,https://www.themoviedb.org/movie/14275,no budget text
The Long Day Closes,1992,A,"no major studio; budget $4.3M in today's money, wikipedia (< $35M)",high,,4318000,4318000.0,,False,"wikipedia: £1.7 million<ref name=""BFIStats""/>",wikipedia,United Kingdom,True,British Film Institute; Film4 Productions; Film Four International,wikipedia:studio,,Mayfair Entertainment,https://en.wikipedia.org/wiki/The_Long_Day_Closes_(film),https://www.wikidata.org/wiki/Q3077773,https://www.themoviedb.org/movie/49956,no budget text
Harakiri,1962,A,no major studio; no budget figure found (rule: treat as A),low,,,,,False,,,Japan,True,Shochiku,wikipedia:studio,,Shochiku,https://en.wikipedia.org/wiki/Harakiri_(1962_film),https://www.wikidata.org/wiki/Q1584406,https://www.themoviedb.org/movie/14537,no budget text
Ran,1985,H,"no major studio, but budget $36.0M in today's money, avg of 2 sources (> $35M)",medium,,36000000,36000000.0,36000000.0,False,wikipedia: {{USD|11–12 million|long=no}} | tmdb: $12000000,wikipedia+tmdb,Japan; France,True,Asmik Ace Entertainment; Kadokawa Daiei Studio,wikidata:P272,,Toho,https://en.wikipedia.org/wiki/Ran_(film),https://www.wikidata.org/wiki/Q565231,https://www.themoviedb.org/movie/11645,no budget text
A Brighter Summer Day,1991,A,no major studio; no budget figure found (rule: treat as A),low,,,,,False,,,Taiwan,True,Yang & His Gang Filmmakers; Jane Balfour Films,wikipedia:studio,,Cine Qua Non Films,https://en.wikipedia.org/wiki/A_Brighter_Summer_Day,https://www.wikidata.org/wiki/Q710745,https://www.themoviedb.org/movie/15804,no budget text
Autumn Sonata,1978,A,no major studio; no budget figure found (rule: treat as A),low,,,,,False,,,Sweden; France; Germany; Norway,True,ITC Entertainment,wikipedia:studio,,Constantin Film,https://en.wikipedia.org/wiki/Autumn_Sonata,https://www.wikidata.org/wiki/Q322572,https://www.themoviedb.org/movie/12761,no budget text
Mishima: A Life in Four Chapters,1985,H,major studio: Lucasfilm (Disney),high,Disney,15000000,15000000.0,15000000.0,False,wikipedia: $5 million | tmdb: $5000000,wikipedia+tmdb,Japan; United States,False,American Zoetrope; Zoetrope Studios; Filmlink International; Lucasfilm; Lucasfilm Ltd,wikipedia:studio,,Warner Bros. Pictures; Warner Bros,https://en.wikipedia.org/wiki/Mishima:_A_Life_in_Four_Chapters,https://www.wikidata.org/wiki/Q1740171,https://www.themoviedb.org/movie/27064,
Barry Lyndon,1975,H,"US film before 1980, major as distributor and so its financier: Warner Bros Pictures (Warner), Warner Bros (United States) (Warner), Columbia Pictures (Sony)",medium,,63250000,66000000.0,60500000.0,False,"wikipedia: $11–12 million<ref name=""film"">SECOND ANNUAL GROSSES GLOSS
B | tmdb: $11000000",wikipedia+tmdb,United States; United Kingdom,False,Hawk Films; Peregrine Productions,wikipedia:studio,Sony; Warner,Warner Bros. Pictures; Warner Bros. (United States); Columbia Pictures; Columbia -Warner Distributors (United Kingdom),https://en.wikipedia.org/wiki/Barry_Lyndon,https://www.wikidata.org/wiki/Q471716,https://www.themoviedb.org/movie/3175,
"Paris, Texas",1984,A,"no major studio; budget $4.9M in today's money, avg of 2 sources (< $35M)",high,,4875000,4500000.0,5250000.0,False,wikipedia: $1.5 million | tmdb: $1750000,wikipedia+tmdb,France; Germany,True,Road Movies Filmproduktion GmbH; Argos Films S.A,wikipedia:studio,,Argos Films (France); Tobis Film (West Germany); Palace Pictures (United Kingdom),"https://en.wikipedia.org/wiki/Paris,_Texas_(film)",https://www.wikidata.org/wiki/Q160946,https://www.themoviedb.org/movie/655,no budget text
Undone,2019,A,no major studio; no budget figure found (rule: treat as A),low,,,,,False,,,South Africa,True,The Animation School,tmdb,,,,,https://www.themoviedb.org/movie/879137,no budget text
Monkey Man,2024,H,major studio: Universal Pictures (Universal),high,Universal,10000000,10000000.0,10000000.0,False,wikipedia: $10 million<ref>{{cite web |url=https://www.thewrap.com/how- | tmdb: $10000000,wikipedia+tmdb,United States; Canada; Singapore; India,False,Universal Pictures; Bron Studios; Thunder Road Films; Minor Realm; Monkeypaw Productions; S YA Concept; WME Independent; Creative Wealth Media,wikipedia:studio,,Universal Pictures,https://en.wikipedia.org/wiki/Monkey_Man_(film),https://www.wikidata.org/wiki/Q105952623,https://www.themoviedb.org/movie/560016,
Nickel Boys,2024,A,"no major studio; budget $23.2M in today's money, avg of 2 sources (< $35M)",high,,23200000,23200000.0,23200000.0,False,wikipedia: $23.2{{nbsp}}million<!--sourced in #Production--> | tmdb: $23200000,wikipedia+tmdb,United States,False,Orion Pictures; Plan B Entertainment; Anonymous Content; Louverture Films,wikipedia:studio,,Amazon MGM Studios,https://en.wikipedia.org/wiki/Nickel_Boys,https://www.wikidata.org/wiki/Q116030637,https://www.themoviedb.org/movie/1028196,no budget text
New Rose Hotel,1998,A,no major studio; no budget figure found (rule: treat as A),low,,,,,False,,,United States,False,Edward R. Pressman Film Corp; Quadra Entertainment,wikipedia:studio,,Avalanche Releasing,https://en.wikipedia.org/wiki/New_Rose_Hotel_(film),https://www.wikidata.org/wiki/Q976048,https://www.themoviedb.org/movie/21430,no budget text
High Plains Drifter,1973,H,"US film before 1980, major as distributor and so its financier: Universal Pictures (Universal)",medium,,30250000,30250000.0,30250000.0,False,wikipedia: $5.5 million<ref>[http://powergrid.thewrap.com/project/high- | tmdb: $5500000,wikipedia+tmdb,United States,False,The Malpaso Company,wikipedia:studio,Universal,Universal Pictures,https://en.wikipedia.org/wiki/High_Plains_Drifter,https://www.wikidata.org/wiki/Q906705,https://www.themoviedb.org/movie/11901,
The Brutalist,2024,A,"no major studio; budget $9.6M in today's money, avg of 2 sources (< $35M)",high,,9600000,9600000.0,9600000.0,False,wikipedia: $9.6 million ([[Film budgeting|net]])<ref>{{cite interview | | tmdb: $9600000,wikipedia+tmdb,United States; United Kingdom,False,Brookstreet Pictures; Kaplan Morrison,wikipedia:studio,,A24; * (United States); United International Pictures; UIP-DunaFilm; (Hungary); Universal Pictures; Focus Features; (United Kingdom),https://en.wikipedia.org/wiki/The_Brutalist,https://www.wikidata.org/wiki/Q101112656,https://www.themoviedb.org/movie/549509,no budget text
Pain and Glory,2019,A,"no major studio; budget $13.7M in today's money, avg of 2 sources (< $35M)",high,,13739060,13478400.0,13999720.8,False,wikipedia: [[euro|€]]9.6 million<ref>{{Cite web|url=https://www.lainfor | tmdb: $10769016,wikipedia+tmdb,Spain; France,True,El Deseo,wikipedia:studio,,Sony Pictures Releasing; Sony Pictures Releasing International,https://en.wikipedia.org/wiki/Pain_and_Glory,https://www.wikidata.org/wiki/Q55609803,https://www.themoviedb.org/movie/519010,no budget text
Philadelphia,1993,H,"no major studio, but budget $52.0M in today's money, avg of 2 sources (> $35M)",high,,52000000,52000000.0,52000000.0,False,wikipedia: $26&nbsp;million | tmdb: $26000000,wikipedia+tmdb,United States,False,Clinica Estetico Productions,wikipedia:studio,,TriStar Pictures,https://en.wikipedia.org/wiki/Philadelphia_(film),https://www.wikidata.org/wiki/Q204057,https://www.themoviedb.org/movie/9800,no budget text
The Trial of the Chicago 7,2020,H,major studio: Paramount Pictures (Paramount),high,Paramount,40250000,40250000.0,40250000.0,False,wikipedia: $35&nbsp;million<ref name=Keegan-Sept2020/> | tmdb: $35000000,wikipedia+tmdb,United States,False,Paramount Pictures; Cross Creek Pictures; DreamWorks Pictures; Marc Platt Productions; Shivani Rawat; ShivHans Pictures,wikipedia:studio,,Netflix,https://en.wikipedia.org/wiki/The_Trial_of_the_Chicago_7,https://www.wikidata.org/wiki/Q72397975,https://www.themoviedb.org/movie/556984,
A Few Good Men,1992,H,major studio: Castle Rock Entertainment (Warner),high,Warner,80000000,80000000.0,80000000.0,False,wikipedia: $33–40 million<ref name = mojo/><ref name = Numbers/> | tmdb: $40000000,wikipedia+tmdb,United States,False,Castle Rock Entertainment,wikipedia:studio,,Columbia Pictures,https://en.wikipedia.org/wiki/A_Few_Good_Men,https://www.wikidata.org/wiki/Q108946,https://www.themoviedb.org/movie/881,
A Time to Kill,1996,H,"no major studio, but budget $80.0M in today's money, avg of 2 sources (> $35M)",high,,80000000,80000000.0,80000000.0,False,wikipedia: $40 million<ref name=numbers>{{cite web|url= https://www.the | tmdb: $40000000,wikipedia+tmdb,United States,False,Regency Enterprises,wikipedia:studio,,Warner Bros. Pictures; Warner Bros,https://en.wikipedia.org/wiki/A_Time_to_Kill_(1996_film),https://www.wikidata.org/wiki/Q498867,https://www.themoviedb.org/movie/1645,no budget text
Find Me Guilty,2006,A,"no major studio; budget $20.8M in today's money, avg of 2 sources (< $35M)",high,,20800000,20800000.0,20800000.0,False,wikipedia: $13 million | tmdb: $13000000,wikipedia+tmdb,Germany; United States,False,One Race Films; Yari Film Group,wikipedia:studio,,Freestyle Releasing,https://en.wikipedia.org/wiki/Find_Me_Guilty,https://www.wikidata.org/wiki/Q64173,https://www.themoviedb.org/movie/9950,no budget text
Adolescence,2025,?,no matching film found in any source,none,,,,,False,,,,,,,,,,,,
Kafka,2024,?,no matching film found in any source,none,,,,,False,,,,,,,,,,,,
Touching the Void,2003,A,"no major studio; budget $4.1M in today's money, wikipedia (< $35M)",high,,4064000,4064000.0,,False,wikipedia: £2 million,wikipedia,United Kingdom,True,Film4 Productions; FilmFour; UK Film Council; Channel 4; PBS; Darlow Smithson Productions,wikipedia:studio,,IFC Films (United States); Film4 Productions; FilmFour Distributors; Pathé Distribution (United Kingdom),https://en.wikipedia.org/wiki/Touching_the_Void_(film),https://www.wikidata.org/wiki/Q2299632,https://www.themoviedb.org/movie/11194,no budget text
The Dark Glow of the Mountains,1985,A,"no major studio; budget $0.2M in today's money, tmdb (< $35M)",high,,187500,,187500.0,False,tmdb: $62500,tmdb,Germany,True,Süddeutscher Rundfunk; Werner Herzog Filmproduktion,wikidata:P272,,Werner Herzog,https://en.wikipedia.org/wiki/The_Dark_Glow_of_the_Mountains,https://www.wikidata.org/wiki/Q3758609,https://www.themoviedb.org/movie/139945,no budget text
Love Streams,1984,A,no major studio; no budget figure found (rule: treat as A),low,,,,,False,,,United States,False,The Cannon Group; Golan-Globus Productions,tmdb,,Cannon Films,https://en.wikipedia.org/wiki/Love_Streams_(film),https://www.wikidata.org/wiki/Q2521232,https://www.themoviedb.org/movie/52109,no budget text
EO,2022,A,"no major studio; budget $3.0M in today's money, wikipedia (< $35M)",high,,3018750,3018749.9999999995,,False,wikipedia: 10.5 million zł<br />(€2.3 million)<ref>{{Cite web |last=Gry,wikipedia,Poland; Italy,True,Skopia Film; Alien Films,wikipedia:studio,,Gutek Film (Poland); Arthouse (Italy),https://en.wikipedia.org/wiki/EO_(film),https://www.wikidata.org/wiki/Q111601259,https://www.themoviedb.org/movie/785398,no budget text
Fire Will Come,2019,A,no major studio; no budget figure found (rule: treat as A),low,,,,,False,,,Spain; France; Luxembourg,True,4 A 4 Productions; Kowalski Films; Miramemira; Tarantula Luxembourg,wikipedia:studio,,Pyramide Distribution,https://en.wikipedia.org/wiki/Fire_Will_Come,https://www.wikidata.org/wiki/Q63254980,https://www.themoviedb.org/movie/575561,no budget text
Caught Stealing,2025,H,major studio: Columbia Pictures (Sony),high,Sony,40000000,40000000.0,40000000.0,False,wikipedia: $40{{nbsp}}million | tmdb: $40000000,wikipedia+tmdb,United States,False,Columbia Pictures; Protozoa Pictures,wikipedia:studio,,Sony Pictures Releasing,https://en.wikipedia.org/wiki/Caught_Stealing,https://www.wikidata.org/wiki/Q130248726,https://www.themoviedb.org/movie/1245993,
The Hidden Fortress,1958,A,"no major studio; budget $11.8M in today's money, wikipedia (< $35M)",high,,11758500,11758500.0,,False,wikipedia: {{¥|195 million}}{{sfn|Shiozawa|2005|p=92}},wikipedia,Japan,True,Toho,wikipedia:studio,,Toho; Netflix,https://en.wikipedia.org/wiki/The_Hidden_Fortress,https://www.wikidata.org/wiki/Q39946,https://www.themoviedb.org/movie/1059,no budget text
If I Had Legs I'd Kick You,2025,A,"no major studio; budget $1.5M in today's money, tmdb (< $35M)",high,,1500000,,1500000.0,False,tmdb: $1500000,tmdb,United States,False,A24; Central Pictures; Fat City; Bronxburgh,wikipedia:studio,,A24,https://en.wikipedia.org/wiki/If_I_Had_Legs_I'd_Kick_You,https://www.wikidata.org/wiki/Q124450734,https://www.themoviedb.org/movie/1160360,no budget text
Space Is the Place,1974,A,no major studio; no budget figure found (rule: treat as A),low,,,,,False,,,United States,False,North American Star System,tmdb,,,https://en.wikipedia.org/wiki/Space_Is_the_Place,https://www.wikidata.org/wiki/Q7572391,https://www.themoviedb.org/movie/16203,no budget text
The Train,1964,H,"US film before 1980, major as distributor and so its financier: United Artists (Amazon MGM)",medium,,43500000,43500000.0,43500000.0,False,"wikipedia: $5.8 million<ref name=""numbers"">[http://www.the-numbers.com/ | tmdb: $5800000",wikipedia+tmdb,United States; Italy; France,False,Les Productions Artistes Associés; Les Films Ariane; Dear Film,wikipedia:studio,Amazon MGM,United Artists,https://en.wikipedia.org/wiki/The_Train_(1964_film),https://www.wikidata.org/wiki/Q142751,https://www.themoviedb.org/movie/3482,
Crimson Tide,1995,H,major studio: Hollywood Pictures (Disney),high,Disney,106000000,106000000.0,106000000.0,False,wikipedia: $53 million<ref>{{cite web | url=https://www.imdb.com/title/ | tmdb: $53000000,wikipedia+tmdb,United States,False,Hollywood Pictures; Don Simpson/Jerry Bruckheimer Films,wikipedia:studio,,Walt Disney Studios Motion Pictures; Buena Vista Pictures Distribution,https://en.wikipedia.org/wiki/Crimson_Tide_(film),https://www.wikidata.org/wiki/Q1140085,https://www.themoviedb.org/movie/8963,
Out of Sight,1998,H,"no major studio, but budget $96.0M in today's money, avg of 2 sources (> $35M)",high,,96000000,96000000.0,96000000.0,False,wikipedia: $48 million | tmdb: $48000000,wikipedia+tmdb,United States,False,Danny DeVito; Jersey Films,wikipedia:studio,,Universal Pictures,https://en.wikipedia.org/wiki/Out_of_Sight,https://www.wikidata.org/wiki/Q571183,https://www.themoviedb.org/movie/1389,no budget text
Save the Green Planet!,2003,A,"no major studio; budget $4.8M in today's money, avg of 2 sources (< $35M)",high,,4800000,4800000.0,4800000.0,False,wikipedia: $3 million | tmdb: $3000000,wikipedia+tmdb,South Korea,True,CJ ENM Films & Television; IHQ,wikidata:P272,,CJ Entertainment,https://en.wikipedia.org/wiki/Save_the_Green_Planet!,https://www.wikidata.org/wiki/Q482944,https://www.themoviedb.org/movie/11297,no budget text
Father Mother Sister Brother,2025,A,no major studio; no budget figure found (rule: treat as A),low,,,,,False,,,United States; Ireland; France; Italy; Japan,False,Yves Saint Laurent (fashion house); Saint Laurent Productions; Badjetlag; CG Cinéma; The Apartment (production company); The Apartment Pictures; Fremantle (company); Fremantle; Les Films du Losange; Weltkino; Cinema Inutile; Screen Ireland; Fis Éirann / Screen Ireland; Hail Mary Pictures,wikipedia:studio,,Mubi (streaming service); Mubi (Select territories); Les Films du Losange (France); Lucky Red (Italy),https://en.wikipedia.org/wiki/Father_Mother_Sister_Brother,https://www.wikidata.org/wiki/Q124364048,https://www.themoviedb.org/movie/1159206,no budget text
Rubber,2010,A,"no major studio; budget $0.8M in today's money, avg of 2 sources (< $35M)",high,,845000,1040000.0,650000.0,False,"wikipedia: $800,000<ref>{{cite magazine|url=https://ew.com/article/2011 | tmdb: $500000",wikipedia+tmdb,France,True,Realitism Films; Groupe Canal+; Canal+; Arte,wikipedia:studio,,UFO Distribution,https://en.wikipedia.org/wiki/Rubber_(2010_film),https://www.wikidata.org/wiki/Q2171533,https://www.themoviedb.org/movie/45649,no budget text
Fireworks,1997,A,"no major studio; budget $4.6M in today's money, wikipedia (< $35M)",high,,4600000,4600000.0,,False,"wikipedia: $2.3 million<ref>Kitano, Takeshi, ''Fireworks'' DVD booklet,",wikipedia,Japan,True,Bandai Visual; Office Kitano; Tokyo FM; TV Tokyo,wikipedia:studio,,Nippon Herald Films,https://en.wikipedia.org/wiki/Hana-bi,https://www.wikidata.org/wiki/Q1125897,https://www.themoviedb.org/movie/5910,no budget text
The Last Viking,2025,A,no major studio; no budget figure found (rule: treat as A),low,,,,,False,,,Denmark; Sweden,True,Zentropa; Zentropa Sweden; Film i Väst,wikipedia:studio,,Vertigo Média,https://en.wikipedia.org/wiki/The_Last_Viking_(2025_film),https://www.wikidata.org/wiki/Q135438510,https://www.themoviedb.org/movie/1295400,no budget text
Cool Hand Luke,1967,H,"US film before 1980, major as distributor and so its financier: Warner Bros -Seven Arts (Warner)",medium,,24000000,24000000.0,24000000.0,False,"wikipedia: $3.2&nbsp;million<ref>Hannan, Brian (2016). ''Coming Back to | tmdb: $3200000",wikipedia+tmdb,United States,False,Jalem Productions,wikipedia:studio,Warner,Warner Bros.-Seven Arts,https://en.wikipedia.org/wiki/Cool_Hand_Luke,https://www.wikidata.org/wiki/Q684150,https://www.themoviedb.org/movie/903,
No Other Choice,2025,A,"no major studio; budget $12.4M in today's money, avg of 2 sources (< $35M)",high,,12390000,12580000.0,12200000.0,False,wikipedia: {{KRW|17 billion|link=yes}}<br />{{nowrap|(~{{US$|12.2 milli | tmdb: $12200000,wikipedia+tmdb,South Korea,True,CJ Entertainment; Moho Film; KG Productions,wikipedia:studio,,CJ Entertainment,https://en.wikipedia.org/wiki/No_Other_Choice,https://www.wikidata.org/wiki/Q129906152,https://www.themoviedb.org/movie/639988,no budget text
Dune: Part Three,2026,?,not yet released and no budget published; step 2 cannot be applied,none,,,,,False,,,United States,False,Legendary Pictures,wikipedia:studio,,Warner Bros. Pictures,https://en.wikipedia.org/wiki/Dune:_Part_Three,https://www.wikidata.org/wiki/Q124714245,https://www.themoviedb.org/movie/1170608,no budget text
Werwulf,2026,H,major studio: Working Title Films (Universal),high,Universal,,,,False,,,United States; United Kingdom,False,Focus Features; Working Title Films; Chris Columbus (filmmaker); Maiden Voyage Pictures,wikipedia:studio,,Focus Features (United States); Universal Pictures (International),https://en.wikipedia.org/wiki/Werwulf,https://www.wikidata.org/wiki/Q131853471,https://www.themoviedb.org/movie/1421903,
The Further Mis-Adventures of Cliff Booth,2026,H,"no major studio, but budget $200.0M in today's money, avg of 2 sources (> $35M)",high,,200000000,200000000.0,200000000.0,False,"wikipedia: $200{{nbsp}}million<ref name=""Budget"">{{Cite web |last=Perez | tmdb: $200000000",wikipedia+tmdb,United States,False,Plan B Entertainment; Heyday Films; Panic Pictures,wikipedia:studio,,Netflix,https://en.wikipedia.org/wiki/The_Further_Mis-Adventures_of_Cliff_Booth,https://www.wikidata.org/wiki/Q134236545,https://www.themoviedb.org/movie/1457866,no budget text
Bringing Out the Dead,1999,H,"major studio: Paramount Pictures (Paramount), Touchstone Pictures (Disney)",high,Disney; Paramount,64000000,64000000.0,64000000.0,False,wikipedia: $32 million<ref>{{cite web | url=https://www.rogerebert.com/ | tmdb: $32000000,wikipedia+tmdb,United States,False,Paramount Pictures; Touchstone Pictures; Scott Rudin Productions,wikipedia:studio,,Paramount Pictures; (United States); Buena Vista International (International),https://en.wikipedia.org/wiki/Bringing_Out_the_Dead,https://www.wikidata.org/wiki/Q599013,https://www.themoviedb.org/movie/8649,
"Goodbye, Dragon Inn",2003,A,no major studio; no budget figure found (rule: treat as A),low,,,,,False,,,Taiwan,True,Homegreen Films,tmdb,,Homegreen Films,"https://en.wikipedia.org/wiki/Goodbye,_Dragon_Inn",https://www.wikidata.org/wiki/Q3110692,https://www.themoviedb.org/movie/56616,no budget text
All That Jazz,1979,H,"major studio: 20th Century Studios (Disney/Fox), Columbia Pictures (Sony)",high,Disney/Fox; Sony,66000000,66000000.0,66000000.0,False,wikipedia: $12 million{{sfn|Solomon|2002|p=258}} | tmdb: $12000000,wikipedia+tmdb,United States,False,20th Century Studios; 20th Century-Fox; Columbia Pictures,wikipedia:studio,,20th Century-Fox (United States and Canada); Columbia Pictures (International),https://en.wikipedia.org/wiki/All_That_Jazz_(film),https://www.wikidata.org/wiki/Q1353441,https://www.themoviedb.org/movie/16858,
To Live and Die in L.A.,1985,H,major studio: United Artists (Amazon MGM),high,Amazon MGM,18000000,18000000.0,18000000.0,False,wikipedia: $6 million | tmdb: $6000000,wikipedia+tmdb,United States,False,United Artists; New Century Productions; SLM Production Group,wikipedia:studio,,MGM/UA Entertainment Co,https://en.wikipedia.org/wiki/To_Live_and_Die_in_L.A._(film),https://www.wikidata.org/wiki/Q613485,https://www.themoviedb.org/movie/9846,
Ghost in the Shell: Stand Alone Complex - Solid State Society,2006,A,"no major studio; budget $5.1M in today's money, tmdb (< $35M)",high,,5120000,,5120000.0,False,tmdb: $3200000,tmdb,Japan,True,Production I.G,wikidata:P272,,Netflix,https://en.wikipedia.org/wiki/Ghost_in_the_Shell:_Stand_Alone_Complex_–_Solid_State_Society,https://www.wikidata.org/wiki/Q764897,https://www.themoviedb.org/movie/18874,no budget text
American Splendor,2003,A,"no major studio; budget $3.2M in today's money, avg of 2 sources (< $35M)",high,,3200000,3200000.0,3200000.0,False,"wikipedia: $2 million<ref name=""numbers"">{{cite web |url=https://www.th | tmdb: $2000000",wikipedia+tmdb,United States,False,HBO Films; Good Machine,wikipedia:studio,,Fine Line Features,https://en.wikipedia.org/wiki/American_Splendor_(film),https://www.wikidata.org/wiki/Q466961,https://www.themoviedb.org/movie/2771,no budget text
Winter Sleep,2014,A,no major studio; no budget figure found (rule: treat as A),low,,,,,False,,,Turkey; Germany; France,True,NBC Film; Bredok Filmproduction; Memento Films Production; Zeynofilm,wikipedia:studio,,Pinema,https://en.wikipedia.org/wiki/Winter_Sleep_(film),https://www.wikidata.org/wiki/Q15921329,https://www.themoviedb.org/movie/265169,no budget text
King Kong,1933,H,major studio: RKO Pictures (RKO),high,RKO,8065528,8067057.0,8064000.0,False,"wikipedia: $672,254.75{{sfn|Jewell|1994|p=39}}<ref name=""tcm notes""/> | tmdb: $672000",wikipedia+tmdb,United States,False,RKO Pictures,wikidata:P272,,RKO Pictures; RKO Radio Pictures,https://en.wikipedia.org/wiki/King_Kong_(1933_film),https://www.wikidata.org/wiki/Q309048,https://www.themoviedb.org/movie/244,
Digger,2026,H,"no major studio, but budget $127.5M in today's money, avg of 2 sources (> $35M)",high,,127500000,125000000.0,130000000.0,False,"wikipedia: $125 million<ref name=""Belloni""/> | tmdb: $130000000",wikipedia+tmdb,United States; United Kingdom; Mexico,False,Legendary Pictures; TC Productions,wikipedia:studio,,Warner Bros. Pictures,https://en.wikipedia.org/wiki/Digger_(2026_film),https://www.wikidata.org/wiki/Q129677718,https://www.themoviedb.org/movie/1248832,no budget text
Dhurandhar,2025,A,"no major studio; budget $27.3M in today's money, avg of 2 sources (< $35M)",medium,,27300000,30600000.0,24000000.0,False,wikipedia: {{INR}}250–255 crore (combined with [[Dhurandhar: The Reveng | tmdb: $24000000,wikipedia+tmdb,India,True,Jyoti Deshpande; Jio Studios; B62 Studios,wikipedia:studio,,Jio Studios; PVR Inox Pictures,https://en.wikipedia.org/wiki/Dhurandhar,https://www.wikidata.org/wiki/Q135230927,https://www.themoviedb.org/movie/1291608,no budget text
Häxan,1922,A,"no major studio; budget $2.5M in today's money, avg of 2 sources (< $35M)",high,,2460000,2280000.0,2640000.0,False,wikipedia: [[Swedish krona|SEK]] 2 million | tmdb: $220000,wikipedia+tmdb,Sweden; Denmark,True,Svensk Filmindustri,wikipedia:studio,,Skandias Filmbyrå (Sweden),https://en.wikipedia.org/wiki/Häxan,https://www.wikidata.org/wiki/Q1438966,https://www.themoviedb.org/movie/57283,no budget text
The Furious,2025,A,"no major studio; budget $20.0M in today's money, avg of 2 sources (< $35M)",high,,20000000,20000000.0,20000000.0,False,wikipedia: [[USD$|US$]]20 million<ref>{{cite web |title=The Best Action | tmdb: $20000000,wikipedia+tmdb,Hong Kong,True,Edko Films; Hengdian Group; Zhejiang Hengdian Film; XYZ Films,wikipedia:studio,,Edko Films (Hong Kong); Lionsgate Films (International),https://en.wikipedia.org/wiki/The_Furious,https://www.wikidata.org/wiki/Q125948183,https://www.themoviedb.org/movie/1280738,no budget text
Obsession,2025,A,"no major studio; budget $0.8M in today's money, avg of 2 sources (< $35M)",high,,750000,750000.0,750000.0,False,"wikipedia: $750,000 | tmdb: $750000",wikipedia+tmdb,United States,False,Blumhouse Productions; Capstone Studios; Tea Shop Productions,wikipedia:studio,,Focus Features (United States); Universal Pictures (international),https://en.wikipedia.org/wiki/Obsession_(2025_film),https://www.wikidata.org/wiki/Q136163067,https://www.themoviedb.org/movie/1339713,no budget text
Minotaur,2026,A,"no major studio; budget $7.5M in today's money, wikipedia (< $35M)",high,,7500000,7500000.0,,False,wikipedia: $7.5 million,wikipedia,France; Germany; Latvia,True,Marin Karmitz; MK Productions; CG Cinéma; Forma Pro Films; Razor Film Produktion; Arte France Cinéma; ZDF Studios; LEAF Entertainment,wikipedia:studio,,Les Films du Losange (France); Mubi (streaming service); Mubi (Germany),https://en.wikipedia.org/wiki/Minotaur_(2026_film),https://www.wikidata.org/wiki/Q137612975,https://www.themoviedb.org/movie/848700,no budget text
Fjord,2026,A,"no major studio; budget $4.9M in today's money, avg of 2 sources (< $35M)",high,,4913000,5076000.0,4750000.0,False,wikipedia: [[Euro sign|€]]4.7 million{{cn|date=June 2026}} | tmdb: $4750000,wikipedia+tmdb,Norway; France; Romania; Denmark; Sweden; Finland,True,Mobra Films; Why Not Productions; Eye Eye Pictures; Snowglobe Film; Aamu Film Company; Filmgate Films,wikipedia:studio,,Forum Film România (Romania); Le Pacte (France),https://en.wikipedia.org/wiki/Fjord_(film),https://www.wikidata.org/wiki/Q137652478,https://www.themoviedb.org/movie/1401459,no budget text
"Welcome Back, Mr. McDonald",1997,A,no major studio; no budget figure found (rule: treat as A),low,,,,,False,,,Japan,True,Fuji Television; Fuji TV; Premier International,wikipedia:studio,,Toho,"https://en.wikipedia.org/wiki/Welcome_Back,_Mr._McDonald",https://www.wikidata.org/wiki/Q5358611,https://www.themoviedb.org/movie/102227,no budget text
"They Shoot Horses, Don't They?",1969,H,"no major studio, but budget $36.5M in today's money, wikipedia (> $35M)",medium,,36450000,36450000.0,,False,"wikipedia: $4.86&nbsp;million<ref name=""variety"">""[[American Broadcasti",wikipedia,United States,False,ABC Pictures; Palomar Pictures,wikipedia:studio,,Cinerama Releasing Corporation,"https://en.wikipedia.org/wiki/They_Shoot_Horses,_Don't_They?_(film)",https://www.wikidata.org/wiki/Q1140171,https://www.themoviedb.org/movie/28145,no budget text
Tony,2026,H,major studio: Metro-Goldwyn-Mayer (Amazon MGM),high,Amazon MGM,15000000,,15000000.0,False,tmdb: $15000000,tmdb,United States,False,Metro-Goldwyn-Mayer; Star Thrower Entertainment; Zapruder Films,wikipedia:studio,,A24,https://en.wikipedia.org/wiki/Tony_(2026_film),https://www.wikidata.org/wiki/Q136311776,https://www.themoviedb.org/movie/1329016,
Primetime,2026,?,not yet released and no budget published; step 2 cannot be applied,none,,,,,False,,,United States,False,A24; Icki Eneo Arlo; Range; Square Peg (production company); Square Peg,wikipedia:studio,,A24,https://en.wikipedia.org/wiki/Primetime_(film),https://www.wikidata.org/wiki/Q133273688,https://www.themoviedb.org/movie/1375441,no budget text
The Duellists,1977,A,"no major studio; budget $5.0M in today's money, avg of 2 sources (< $35M)",high,,4950000,4950000.0,4950000.0,False,"wikipedia: $900,000<ref>{{cite web|access-date=16 November 2021|url=htt | tmdb: $900000",wikipedia+tmdb,United Kingdom; Australia,True,Enigma Productions; Scott Free Productions; Scott Free Enterprises; National Film Finance Corporation; National Film Finance Consortium,wikipedia:studio,,Paramount Pictures,https://en.wikipedia.org/wiki/The_Duellists,https://www.wikidata.org/wiki/Q1212051,https://www.themoviedb.org/movie/19067,no budget text
The Debut,2026,?,not yet released and no budget published; step 2 cannot be applied,none,,,,,False,,,United States,False,Fruit Tree (company); Fruit Tree,wikipedia:studio,,A24,https://en.wikipedia.org/wiki/The_Debut_(2026_film),https://www.wikidata.org/wiki/Q133885802,https://www.themoviedb.org/movie/1391239,no budget text
Bucking Fastard,2026,A,no major studio; no budget figure found (rule: treat as A),low,,,,,False,,,United States,False,Providence Road Entertainment; Gateway to Orkney,wikipedia:studio,,,https://en.wikipedia.org/wiki/Bucking_Fastard,https://www.wikidata.org/wiki/Q133833410,https://www.themoviedb.org/movie/1429713,no budget text
Possible Love,2026,?,not yet released and no budget published; step 2 cannot be applied,none,,,,,False,,,South Korea,True,Pinehouse Film; Anonymous Content; Nowfilm,wikipedia:studio,,Netflix,https://en.wikipedia.org/wiki/Possible_Love,https://www.wikidata.org/wiki/Q137843740,https://www.themoviedb.org/movie/1483525,no budget text
